customer_id,age,monthly_charge,n_support_tickets,legacy_score,gender,country,plan,acquisition_channel,device,tenure_days,tenure_log,is_new_customer,signup_month_sin,signup_month_cos,signup_is_weekend,events_90d,events_30d,events_7d,events_prior_60d,recency_days,active_days_30d,longest_gap_days,usage_trend_ratio,purchase_count_90d,purchase_amount_sum,purchase_amount_mean,purchase_amount_max,weekend_share,night_share,login_share,event_type_diversity,tickets_per_month,log_monthly_charge,age_missing,charge_per_event,log_charge_per_event,events_per_tenure_day,premium_high_tickets,basic_new_customer,tickets_x_recency,charge_x_recency,paid_search_low_usage,promo_freq,age_band,price_pressure,usage_state
4492,39.0,34.53,1.0,61.3,M,AE,premium,paid_search,,291.0,5.676753802268282,0.0,-1.0,-1.8369701987210297e-16,0.0,27.0,9.0,2.0,18.0,0.2916666666666667,9.0,9.458333333333332,0.8571428571428572,4.0,41.2,10.3,15.37,0.5185185185185185,0.0,0.37037037037037035,3.0,0.09345794392523366,3.541828511401901,0.0,1.2332142857142858,0.2177001916481437,0.3,0.0,0.0,0.2916666666666667,10.071250000000001,0.0,0.428125,q3,high,stable
4948,41.0,8.35,2.0,44.9,F,PK,basic,organic,ios,737.0,6.6039438246004725,0.0,1.2246467991473532e-16,-1.0,0.0,33.0,16.0,4.0,17.0,0.625,11.0,10.625000000000004,1.6,5.0,98.30000000000001,19.660000000000004,30.6,0.5151515151515151,0.12121212121212122,0.42424242424242425,3.0,0.07822685788787484,2.122261538862764,0.0,0.24558823529411763,-1.3641875853388608,0.36666666666666664,0.0,0.0,1.25,5.21875,0.0,0.04583333333333333,q4,normal,growing
3669,48.0,8.97,2.0,42.2,M,PK,basic,paid_search,ios,607.0,6.410174881966167,0.0,-0.5000000000000004,0.8660254037844384,0.0,34.0,8.0,1.0,26.0,0.7083333333333334,7.0,11.25,0.5517241379310345,4.0,76.17,19.0425,27.77,0.38235294117647056,0.0,0.4117647058823529,3.0,0.09419152276295133,2.1938856760707046,0.0,0.2562857142857143,-1.323185432791914,0.37777777777777777,0.0,0.0,1.4166666666666667,6.353750000000001,1.0,0.0008333333333333334,q5,normal,declining
1109,37.0,43.77,0.0,60.8,M,IN,premium,social,web,1318.0,7.1846291527173145,0.0,-0.5000000000000004,0.8660254037844384,0.0,67.0,31.0,6.0,36.0,0.041666666666666664,16.0,6.708333333333329,1.5897435897435899,7.0,117.60000000000001,16.8,38.07,0.6567164179104478,0.1044776119402985,0.4626865671641791,3.0,0.0,3.778948651202804,0.0,0.6436764705882353,-0.4251427432161931,0.7444444444444445,0.0,0.0,0.0,1.82375,0.0,0.144375,q3,normal,growing
5415,47.0,7.94,4.0,52.8,M,US,basic,partner,ios,449.0,6.1092475827643655,0.0,0.8660254037844387,-0.4999999999999998,1.0,27.0,15.0,4.0,12.0,0.08333333333333333,13.0,23.75,2.0,3.0,64.01,21.33666666666667,40.39,0.37037037037037035,0.18518518518518517,0.5925925925925926,3.0,0.25052192066805845,2.0719132752590443,0.0,0.2835714285714286,-1.2256343011071154,0.3,0.0,0.0,0.3333333333333333,0.6616666666666666,0.0,0.005833333333333334,q4,normal,growing
1290,35.0,19.21,0.0,55.6,F,UK,standard,paid_search,android,878.0,6.778784897685177,0.0,0.8660254037844386,0.5000000000000001,0.0,44.0,21.0,8.0,23.0,0.125,12.0,7.125,1.6153846153846152,5.0,108.81,21.762,46.48,0.5,0.1590909090909091,0.45454545454545453,3.0,0.0,2.955430976780465,0.0,0.42688888888888893,-0.8280763750512992,0.4888888888888889,0.0,0.0,0.0,2.40125,0.0,0.428125,q2,normal,growing
2695,43.0,19.68,1.0,47.1,M,US,standard,organic,android,1310.0,7.1785454837637,0.0,-0.5000000000000004,0.8660254037844384,1.0,35.0,8.0,2.0,27.0,0.7916666666666666,7.0,9.875000000000004,0.5333333333333333,1.0,15.6,15.6,15.6,0.37142857142857144,0.05714285714285714,0.34285714285714286,3.0,0.02238805970149254,2.9796028916241073,0.0,0.5466666666666666,-0.585788662239446,0.3888888888888889,0.0,0.0,0.7916666666666666,15.579999999999998,0.0,0.011458333333333333,q4,normal,declining
2951,45.0,10.13,0.0,45.8,F,UK,basic,referral,ios,63.0,4.1588830833596715,1.0,0.8660254037844387,-0.4999999999999998,1.0,11.0,5.0,0.0,6.0,12.541666666666666,5.0,14.916666666666664,1.111111111111111,1.0,19.98,19.98,19.98,0.2727272727272727,0.09090909090909091,0.18181818181818182,3.0,0.0,2.315501318260592,0.0,0.8441666666666667,-0.15762894420358303,0.1746031746031746,0.0,1.0,0.0,127.04708333333333,0.0,0.428125,q4,normal,stable
4758,61.0,8.71,0.0,75.4,M,PK,basic,paid_search,ios,204.0,5.3230099791384085,0.0,-2.4492935982947064e-16,1.0,1.0,17.0,4.0,1.0,13.0,6.458333333333333,3.0,21.625,0.5,1.0,10.75,10.75,10.75,0.5882352941176471,0.17647058823529413,0.29411764705882354,3.0,0.0,2.1644717908644115,0.0,0.4838888888888889,-0.7054447083703514,0.18888888888888888,0.0,0.0,0.0,56.25208333333334,1.0,0.428125,q5,normal,declining
4882,64.0,9.39,2.0,69.6,M,US,basic,organic,android,1396.0,7.242082359256962,0.0,-1.0,-1.8369701987210297e-16,0.0,62.0,21.0,3.0,41.0,0.4583333333333333,14.0,8.5,0.9545454545454544,5.0,132.12,26.424,60.99,0.43548387096774194,0.1774193548387097,0.46774193548387094,3.0,0.04207573632538569,2.2396452932201716,0.0,0.14904761904761907,-1.8385516307348138,0.6888888888888889,0.0,0.0,0.9166666666666666,4.30375,0.0,0.428125,q5,normal,stable
2420,41.0,9.7,1.0,50.6,F,PK,basic,paid_search,android,597.0,6.393590753950631,0.0,-0.5000000000000004,0.8660254037844384,0.0,19.0,9.0,3.0,10.0,2.5416666666666665,7.0,18.458333333333336,1.3846153846153846,1.0,38.06,38.06,38.06,0.3157894736842105,0.10526315789473684,0.5263157894736842,3.0,0.04784688995215311,2.272125885509337,0.0,0.485,-0.7031975164134467,0.2111111111111111,0.0,0.0,2.5416666666666665,24.654166666666665,0.0,0.144375,q4,normal,stable
855,36.0,20.19,0.0,55.0,M,PK,standard,organic,ios,417.0,6.035481432524756,0.0,0.49999999999999994,-0.8660254037844387,0.0,13.0,9.0,2.0,4.0,2.0416666666666665,7.0,35.666666666666664,2.571428571428571,2.0,37.9,18.95,28.4,0.6153846153846154,0.23076923076923078,0.5384615384615384,3.0,0.0,3.005187432324746,0.0,1.4421428571428572,0.37304029802499666,0.14444444444444443,0.0,0.0,0.0,41.22125,0.0,0.428125,q3,high,growing
195,33.0,19.56,2.0,66.0,M,US,standard,social,ios,1344.0,7.20414929203594,0.0,-0.8660254037844386,0.5000000000000001,1.0,13.0,2.0,0.0,11.0,28.5,1.0,28.5,0.2857142857142857,3.0,55.79,18.596666666666668,26.12,0.46153846153846156,0.0,0.3076923076923077,3.0,0.04366812227074236,2.9734866646066713,0.0,1.397142857142857,0.34156130612868413,0.14444444444444443,0.0,0.0,57.0,557.4599999999999,0.0,0.144375,q2,high,declining
831,48.0,8.6,2.0,54.4,M,DE,basic,social,android,359.0,5.886104031450156,0.0,-0.4999999999999997,-0.8660254037844388,0.0,49.0,18.0,5.0,31.0,1.8333333333333333,11.0,9.041666666666664,1.0588235294117645,6.0,109.69,18.281666666666666,54.4,0.4897959183673469,0.08163265306122448,0.46938775510204084,3.0,0.15424164524421594,2.151762203259462,0.0,0.172,-1.7037485919053417,0.5444444444444444,0.0,0.0,3.6666666666666665,15.766666666666666,0.0,0.07916666666666666,q5,normal,stable
223,55.0,18.44,0.0,40.6,M,US,standard,organic,ios,991.0,6.899723107284872,0.0,-0.8660254037844386,0.5000000000000001,0.0,35.0,11.0,6.0,24.0,0.125,9.0,13.125000000000004,0.8148148148148148,2.0,52.32,26.16,30.59,0.45714285714285713,0.17142857142857143,0.2571428571428571,3.0,0.0,2.914522218128448,0.0,0.5122222222222222,-0.6496620686202064,0.3888888888888889,0.0,0.0,0.0,2.305,0.0,0.144375,q5,normal,stable
2789,33.0,19.01,0.0,59.9,M,AE,standard,social,web,26.0,3.295836866004329,1.0,1.2246467991473532e-16,-1.0,0.0,8.0,8.0,4.0,0.0,0.20833333333333334,6.0,7.333333333333333,5.333333333333333,1.0,11.39,11.39,11.39,0.875,0.25,0.5,3.0,0.0,2.944965156500338,0.0,2.1122222222222224,0.7524637577163648,0.3076923076923077,0.0,0.0,0.0,3.960416666666667,0.0,0.07916666666666666,q2,high,growing
5044,34.0,8.92,0.0,39.4,F,PK,basic,social,android,797.0,6.682108597449809,0.0,0.8660254037844387,-0.4999999999999998,0.0,12.0,6.0,1.0,6.0,2.875,6.0,15.916666666666671,1.3333333333333333,0.0,0.0,0.0,0.0,0.4166666666666667,0.25,0.5833333333333334,2.0,0.0,2.188295946591918,0.0,0.6861538461538461,-0.362184599749702,0.13333333333333333,0.0,0.0,0.0,25.645,0.0,0.428125,q2,normal,stable
2844,40.0,19.27,0.0,33.5,M,US,standard,paid_search,android,686.0,6.532334292222349,0.0,-0.8660254037844384,-0.5000000000000004,1.0,14.0,5.0,2.0,9.0,0.625,5.0,18.54166666666667,0.8333333333333333,2.0,16.51,8.255,10.55,0.42857142857142855,0.07142857142857142,0.42857142857142855,3.0,0.0,2.958549482426275,0.0,1.2846666666666666,0.25825326176096874,0.15555555555555556,0.0,0.0,0.0,12.04375,0.0,0.428125,q3,high,stable
4119,29.0,8.49,2.0,25.8,M,US,basic,social,,306.0,5.726847747587197,0.0,-0.8660254037844384,-0.5000000000000004,0.0,13.0,1.0,0.0,12.0,7.75,1.0,22.708333333333332,0.13333333333333333,1.0,34.79,34.79,34.79,0.5384615384615384,0.0,0.46153846153846156,3.0,0.17857142857142858,2.138889000323256,0.0,0.6064285714285714,-0.483812824519922,0.14444444444444443,0.0,0.0,15.5,65.7975,0.0,0.04583333333333333,q2,normal,declining
5550,31.0,21.22,0.0,31.7,F,PK,standard,referral,web,1060.0,6.966967138613983,0.0,-0.8660254037844384,-0.5000000000000004,0.0,101.0,27.0,4.0,74.0,0.20833333333333334,15.0,4.208333333333329,0.7012987012987013,9.0,122.95,13.661111111111111,23.59,0.48514851485148514,0.13861386138613863,0.5346534653465347,3.0,0.0,3.054944133185837,0.0,0.2080392156862745,-1.5230803439018894,1.1222222222222222,0.0,0.0,0.0,4.420833333333333,0.0,0.428125,q2,normal,stable
1792,44.0,9.56,0.0,71.7,M,IN,basic,organic,ios,1235.0,7.119635638017636,0.0,0.8660254037844386,0.5000000000000001,0.0,37.0,13.0,5.0,24.0,0.20833333333333334,10.0,11.041666666666668,0.962962962962963,3.0,42.11,14.036666666666667,19.13,0.4864864864864865,0.21621621621621623,0.5135135135135135,3.0,0.0,2.25758772706331,0.0,0.25157894736842107,-1.341019139057903,0.4111111111111111,0.0,0.0,0.0,1.991666666666667,0.0,0.428125,q4,normal,stable
34,53.0,8.93,4.0,33.7,Other,UK,basic,paid_search,ios,785.0,6.666956792429207,0.0,0.49999999999999994,-0.8660254037844387,1.0,25.0,13.0,3.0,12.0,1.0833333333333333,10.0,20.708333333333336,1.7333333333333334,5.0,94.81,18.962,47.21,0.64,0.16,0.56,3.0,0.14723926380368096,2.189416394888408,0.0,0.34346153846153843,-1.0399806016538864,0.2777777777777778,0.0,0.0,4.333333333333333,9.674166666666666,0.0,0.038125,q5,normal,growing
4558,,8.98,2.0,61.5,M,PK,basic,partner,web,1207.0,7.0967213784947605,0.0,1.0,6.123233995736766e-17,0.0,34.0,12.0,5.0,22.0,0.375,11.0,12.083333333333329,0.9600000000000002,6.0,106.6,17.766666666666666,40.12,0.4411764705882353,0.058823529411764705,0.47058823529411764,3.0,0.04850444624090541,2.194999882314108,1.0,0.25657142857142856,-1.3221130466301612,0.37777777777777777,0.0,0.0,0.75,3.3675,0.0,0.428125,unknown,normal,stable
974,45.0,9.79,1.0,33.3,F,PK,basic,partner,ios,674.0,6.51471269087253,0.0,-0.8660254037844384,-0.5000000000000004,0.0,10.0,5.0,0.0,5.0,7.333333333333333,4.0,14.083333333333336,1.25,0.0,0.0,0.0,0.0,0.6,0.1,0.7,2.0,0.04261363636363637,2.281361456542419,0.0,0.8899999999999999,-0.1053605156578264,0.1111111111111111,0.0,0.0,7.333333333333333,71.79333333333332,0.0,0.144375,q4,normal,stable
3384,30.0,17.55,1.0,46.3,F,IN,standard,social,android,1280.0,7.155396301896734,0.0,-2.4492935982947064e-16,1.0,0.0,15.0,7.0,2.0,8.0,3.1666666666666665,7.0,18.291666666666664,1.2727272727272727,0.0,0.0,0.0,0.0,0.6,0.0,0.3333333333333333,2.0,0.022900763358778626,2.865053949911875,0.0,1.096875,0.10154072955496098,0.16666666666666666,0.0,0.0,3.1666666666666665,55.575,0.0,0.07916666666666666,q2,high,stable
1893,47.0,9.0,1.0,54.4,F,PK,basic,social,android,1233.0,7.1180162044653335,0.0,0.8660254037844386,0.5000000000000001,1.0,99.0,38.0,9.0,61.0,0.16666666666666666,20.0,4.833333333333329,1.1875,12.0,194.03,16.169166666666666,33.25,0.5555555555555556,0.1414141414141414,0.42424242424242425,3.0,0.023752969121140142,2.1972245773362196,0.0,0.09,-2.302585092994046,1.1,0.0,0.0,0.16666666666666666,1.5,0.0,0.07916666666666666,q4,normal,stable
1459,24.0,8.01,1.0,37.4,M,PK,basic,organic,ios,384.0,5.953243334287785,0.0,1.2246467991473532e-16,-1.0,0.0,24.0,6.0,2.0,18.0,2.9583333333333335,6.0,10.833333333333334,0.5714285714285715,3.0,30.189999999999998,10.063333333333333,21.98,0.4583333333333333,0.375,0.3333333333333333,3.0,0.07246376811594203,2.080690761080268,0.0,0.3204,-1.107451237335314,0.26666666666666666,0.0,0.0,2.9583333333333335,23.69625,0.0,0.428125,q1,normal,declining
1245,34.0,17.86,1.0,35.9,F,IN,standard,organic,android,1227.0,7.113142108707088,0.0,0.8660254037844386,0.5000000000000001,0.0,26.0,9.0,4.0,17.0,0.041666666666666664,8.0,9.833333333333332,0.9,5.0,94.08,18.816,26.81,0.4230769230769231,0.34615384615384615,0.2692307692307692,3.0,0.02386634844868735,2.882563575448353,0.0,0.6614814814814814,-0.39826884123756945,0.28888888888888886,0.0,0.0,0.041666666666666664,0.7441666666666666,0.0,0.428125,q2,normal,stable
1975,37.0,19.84,1.0,55.4,M,IN,standard,organic,web,791.0,6.674561391814426,0.0,0.49999999999999994,-0.8660254037844387,1.0,28.0,8.0,2.0,20.0,0.375,6.0,14.166666666666668,0.6956521739130436,2.0,21.39,10.695,14.43,0.25,0.07142857142857142,0.5,3.0,0.03654080389768575,2.987700101856727,0.0,0.6841379310344827,-0.3650845903347739,0.3111111111111111,0.0,0.0,0.375,7.4399999999999995,0.0,0.428125,q3,normal,stable
584,32.0,19.27,1.0,31.6,M,PK,standard,social,ios,91.0,4.5217885770490405,0.0,1.0,6.123233995736766e-17,1.0,19.0,6.0,2.0,13.0,4.708333333333333,6.0,13.333333333333336,0.75,4.0,27.509999999999998,6.8774999999999995,8.54,0.5789473684210527,0.2631578947368421,0.42105263157894735,3.0,0.24793388429752067,2.958549482426275,0.0,0.9635,-0.026857454169882642,0.2111111111111111,0.0,0.0,4.708333333333333,90.72958333333332,0.0,0.0075,q2,normal,stable
718,36.0,18.73,2.0,37.4,F,UK,standard,partner,ios,699.0,6.551080335043404,0.0,-0.8660254037844384,-0.5000000000000004,0.0,46.0,13.0,5.0,33.0,0.3333333333333333,11.0,7.791666666666671,0.7222222222222221,5.0,113.03999999999999,22.607999999999997,71.01,0.391304347826087,0.2391304347826087,0.5217391304347826,3.0,0.0823045267489712,2.930126516455997,0.0,0.39851063829787237,-0.8952373226763226,0.5111111111111111,0.0,0.0,0.6666666666666666,6.243333333333333,0.0,0.428125,q3,normal,stable
3277,50.0,7.89,2.0,44.7,F,DE,basic,paid_search,ios,118.0,4.77912349311153,0.0,1.0,6.123233995736766e-17,0.0,50.0,6.0,3.0,44.0,0.20833333333333334,5.0,17.833333333333332,0.25531914893617025,2.0,11.73,5.865,8.84,0.56,0.12,0.46,3.0,0.4054054054054054,2.065596134857783,0.0,0.15470588235294117,-1.8035939268750578,0.5555555555555556,0.0,0.0,0.4166666666666667,1.64375,1.0,0.04583333333333333,q5,normal,declining
4743,48.0,18.87,1.0,46.1,F,CA,standard,organic,android,610.0,6.415096959171596,0.0,-0.8660254037844386,0.5000000000000001,1.0,13.0,6.0,3.0,7.0,0.125,5.0,18.375,1.2,2.0,31.73,15.865,16.8,0.3076923076923077,0.0,0.5384615384615384,3.0,0.046875,2.9375733593804587,0.0,1.3478571428571429,0.30590782688507917,0.14444444444444443,0.0,0.0,0.125,2.35875,0.0,0.428125,q5,high,stable
4526,53.0,7.65,4.0,37.6,F,UK,basic,referral,android,652.0,6.481577129276431,0.0,-1.0,-1.8369701987210297e-16,1.0,19.0,9.0,1.0,10.0,3.9583333333333335,8.0,18.583333333333343,1.3846153846153846,1.0,12.67,12.67,12.67,0.3684210526315789,0.2631578947368421,0.5789473684210527,3.0,0.1759530791788856,2.0347056478384444,0.0,0.3825,-0.9352187417596739,0.2111111111111111,0.0,0.0,15.833333333333334,30.281250000000004,0.0,0.03229166666666667,q5,normal,stable
1142,37.0,19.98,5.0,42.6,F,DE,standard,social,web,487.0,6.1903154058531475,0.0,1.0,6.123233995736766e-17,0.0,13.0,5.0,2.0,8.0,0.9166666666666666,5.0,21.541666666666664,0.909090909090909,1.0,8.3,8.3,8.3,0.38461538461538464,0.15384615384615385,0.23076923076923078,3.0,0.2901353965183752,2.9947317732204075,0.0,1.4271428571428573,0.36265701561627994,0.14444444444444443,0.0,0.0,4.583333333333333,18.315,0.0,0.0075,q3,high,stable
5820,44.0,37.35,0.0,40.3,M,PK,premium,social,web,803.0,6.6895992691789665,0.0,0.8660254037844387,-0.4999999999999998,0.0,41.0,15.0,2.0,26.0,4.75,10.0,9.291666666666671,1.0344827586206897,4.0,24.75,6.1875,9.69,0.5853658536585366,0.24390243902439024,0.5609756097560976,3.0,0.0,3.6203329115788265,0.0,0.8892857142857143,-0.10615448155900274,0.45555555555555555,0.0,0.0,0.0,177.4125,0.0,0.07916666666666666,q4,normal,stable
1364,50.0,41.39,1.0,44.4,M,UK,premium,paid_search,ios,298.0,5.700443573390687,0.0,-1.0,-1.8369701987210297e-16,0.0,59.0,28.0,8.0,31.0,0.08333333333333333,18.0,7.208333333333329,1.6470588235294115,1.0,10.14,10.14,10.14,0.3389830508474576,0.2033898305084746,0.3898305084745763,3.0,0.09146341463414634,3.7230393057606412,0.0,0.6898333333333333,-0.35691306752599883,0.6555555555555556,0.0,0.0,0.08333333333333333,3.4491666666666667,0.0,0.428125,q5,normal,growing
5538,39.0,36.81,1.0,66.7,F,PK,premium,paid_search,android,1180.0,7.074116816197362,0.0,0.8660254037844387,-0.4999999999999998,0.0,75.0,20.0,3.0,55.0,0.16666666666666666,12.0,5.916666666666668,0.689655172413793,7.0,142.21,20.315714285714286,60.04,0.6266666666666667,0.16,0.38666666666666666,3.0,0.024793388429752063,3.60576954739093,0.0,0.4843421052631579,-0.7045274807004535,0.8333333333333334,0.0,0.0,0.16666666666666666,6.135,0.0,0.428125,q3,normal,stable
4045,37.0,36.85,0.0,44.7,F,PK,premium,paid_search,android,590.0,6.3818160174060985,0.0,-0.5000000000000004,0.8660254037844384,0.0,14.0,6.0,2.0,8.0,1.2916666666666667,6.0,15.333333333333336,1.0909090909090908,0.0,0.0,0.0,0.0,0.42857142857142855,0.2857142857142857,0.5,2.0,0.0,3.6068556186353455,0.0,2.4566666666666666,0.9028677115420143,0.15555555555555556,0.0,0.0,0.0,47.59791666666667,0.0,0.428125,q3,high,stable
1368,21.0,19.43,1.0,51.9,M,US,standard,organic,web,645.0,6.470799503782602,0.0,-1.0,-1.8369701987210297e-16,1.0,16.0,2.0,1.0,14.0,0.08333333333333333,2.0,19.791666666666664,0.23529411764705882,2.0,51.69,25.845,34.47,0.375,0.1875,0.375,3.0,0.044444444444444446,2.9668182633893485,0.0,1.1429411764705881,0.1423162221802554,0.17777777777777778,0.0,0.0,0.08333333333333333,1.6191666666666666,0.0,0.03229166666666667,q1,high,declining
4922,44.0,8.49,1.0,70.0,M,CA,basic,partner,ios,1224.0,7.110696122978827,0.0,0.8660254037844386,0.5000000000000001,0.0,12.0,5.0,2.0,7.0,0.625,5.0,11.208333333333336,0.9999999999999999,1.0,11.38,11.38,11.38,0.5,0.5,0.3333333333333333,3.0,0.023923444976076555,2.138889000323256,0.0,0.6530769230769231,-0.41086427278593496,0.13333333333333333,0.0,0.0,0.625,5.30625,0.0,0.428125,q4,normal,stable
790,45.0,21.03,0.0,74.6,F,US,standard,paid_search,android,36.0,3.6109179126442243,1.0,0.49999999999999994,-0.8660254037844387,1.0,26.0,23.0,5.0,3.0,0.4583333333333333,13.0,4.458333333333334,7.666666666666667,3.0,74.66,24.886666666666667,31.64,0.6153846153846154,0.0,0.38461538461538464,3.0,0.0,3.0459499897146083,0.0,0.778888888888889,-0.23712979328894954,0.7222222222222222,0.0,0.0,0.0,9.63875,0.0,0.428125,q4,normal,growing
724,50.0,8.79,1.0,56.6,M,PK,basic,social,ios,185.0,5.225746673713202,0.0,-2.4492935982947064e-16,1.0,0.0,21.0,7.0,2.0,14.0,1.7083333333333333,7.0,12.291666666666666,0.823529411764706,1.0,18.44,18.44,18.44,0.2857142857142857,0.19047619047619047,0.38095238095238093,3.0,0.13953488372093023,2.1736147116970854,0.0,0.3995454545454545,-0.8927073817380694,0.23333333333333334,0.0,0.0,1.7083333333333333,15.016249999999998,0.0,0.04583333333333333,q5,normal,stable
1821,34.0,18.62,0.0,59.9,F,IN,standard,organic,ios,451.0,6.113682179832232,0.0,0.8660254037844387,-0.4999999999999998,0.0,39.0,11.0,3.0,28.0,0.375,9.0,6.833333333333336,0.7096774193548386,6.0,104.63999999999999,17.439999999999998,57.16,0.46153846153846156,0.20512820512820512,0.4358974358974359,3.0,0.0,2.924236271848921,0.0,0.4655,-0.743388396996692,0.43333333333333335,0.0,0.0,0.0,6.9825,0.0,0.428125,q2,normal,stable
1867,37.0,9.38,0.0,44.3,F,PK,basic,paid_search,ios,173.0,5.159055299214529,0.0,0.49999999999999994,0.8660254037844387,0.0,50.0,23.0,4.0,27.0,0.125,14.0,8.916666666666664,1.5333333333333334,7.0,101.38,14.482857142857142,41.26,0.52,0.16,0.42,3.0,0.0,2.238579763018133,0.0,0.183921568627451,-1.640301487089705,0.5555555555555556,0.0,0.0,0.0,1.1725,0.0,0.005833333333333334,q3,normal,growing
322,51.0,9.6,1.0,27.1,M,US,basic,organic,ios,168.0,5.1298987149230735,0.0,0.49999999999999994,0.8660254037844387,1.0,52.0,16.0,3.0,36.0,0.16666666666666666,14.0,11.083333333333336,0.8205128205128205,5.0,111.97,22.394,58.71,0.5192307692307693,0.07692307692307693,0.4423076923076923,3.0,0.15151515151515152,2.2617630984737906,0.0,0.1811320754716981,-1.6547905952915298,0.5777777777777777,0.0,0.0,0.16666666666666666,1.5999999999999999,0.0,0.144375,q5,normal,stable
5895,26.0,9.18,2.0,86.6,F,PK,basic,organic,android,763.0,6.638567789166521,0.0,0.49999999999999994,-0.8660254037844387,1.0,5.0,1.0,0.0,4.0,17.291666666666668,1.0,24.249999999999996,0.2857142857142857,0.0,0.0,0.0,0.0,0.6,0.0,0.4,2.0,0.07566204287515763,2.217027204632399,0.0,1.53,0.43178241642553783,0.05555555555555555,0.0,0.0,34.583333333333336,158.7375,0.0,0.428125,q1,high,declining
4246,46.0,46.48,2.0,53.2,F,PK,premium,paid_search,ios,405.0,6.0063531596017325,0.0,0.49999999999999994,-0.8660254037844387,0.0,16.0,6.0,1.0,10.0,6.791666666666667,5.0,10.666666666666666,0.9230769230769231,2.0,32.99,16.495,18.52,0.5,0.0625,0.4375,3.0,0.13793103448275862,3.8390221125436557,0.0,2.7341176470588233,1.0094595832371367,0.17777777777777778,0.0,0.0,13.583333333333334,315.6766666666667,0.0,0.03229166666666667,q4,high,stable
4649,56.0,9.26,3.0,77.9,M,US,basic,organic,ios,424.0,6.052089168924417,0.0,0.49999999999999994,-0.8660254037844387,0.0,91.0,34.0,7.0,57.0,0.25,21.0,5.791666666666671,1.1333333333333333,10.0,166.69,16.669,56.3,0.4835164835164835,0.14285714285714285,0.4725274725274725,3.0,0.19823788546255508,2.225704048658088,0.0,0.10065217391304347,-2.201363565926664,1.011111111111111,0.0,0.0,0.75,2.315,0.0,0.0027083333333333334,q5,normal,stable
3169,40.0,11.06,0.0,45.4,M,CA,basic,social,ios,1154.0,7.051855622955894,0.0,0.49999999999999994,-0.8660254037844387,0.0,27.0,8.0,4.0,19.0,0.4166666666666667,6.0,11.125,0.7272727272727273,2.0,34.93,17.465,23.07,0.4444444444444444,0.14814814814814814,0.4444444444444444,3.0,0.0,2.403334996094189,0.0,0.395,-0.9038682118755978,0.3,0.0,0.0,0.0,4.608333333333333,0.0,0.428125,q3,normal,stable
4096,57.0,8.38,0.0,50.5,F,AE,basic,organic,android,774.0,6.652863029353347,0.0,0.49999999999999994,-0.8660254037844387,0.0,58.0,29.0,5.0,29.0,0.8333333333333334,22.0,7.0,1.8125,8.0,124.8,15.6,25.86,0.39655172413793105,0.10344827586206896,0.39655172413793105,3.0,0.0,2.125847914493992,0.0,0.14203389830508475,-1.8836517678350146,0.6444444444444445,0.0,0.0,0.0,6.983333333333334,0.0,0.010416666666666666,q5,normal,growing
1709,39.0,10.52,1.0,62.5,F,other,basic,organic,,356.0,5.877735781779639,0.0,-0.4999999999999997,-0.8660254037844388,0.0,32.0,14.0,4.0,18.0,0.20833333333333334,10.0,9.791666666666664,1.3333333333333335,2.0,22.89,11.445,15.54,0.59375,0.40625,0.375,3.0,0.07772020725388601,2.3532782073095637,0.0,0.3187878787878788,-1.1123424814800116,0.35555555555555557,0.0,0.0,0.20833333333333334,2.191666666666667,0.0,0.03229166666666667,q3,normal,stable
4291,34.0,10.64,2.0,42.3,F,PK,basic,organic,web,113.0,4.736198448394496,0.0,1.0,6.123233995736766e-17,1.0,82.0,28.0,2.0,54.0,0.125,18.0,5.041666666666657,0.9824561403508771,14.0,287.84999999999997,20.560714285714283,58.75,0.4024390243902439,0.25609756097560976,0.4024390243902439,3.0,0.4195804195804196,2.3646204839134985,0.0,0.12819277108433735,-1.9791056766553186,0.9111111111111111,0.0,0.0,0.25,1.33,0.0,0.428125,q2,normal,stable
3586,26.0,9.65,1.0,49.6,M,AE,basic,referral,web,318.0,5.765191102784844,0.0,-0.8660254037844384,-0.5000000000000004,0.0,20.0,3.0,0.0,17.0,21.666666666666668,2.0,21.666666666666668,0.30000000000000004,3.0,57.94,19.313333333333333,24.88,0.55,0.0,0.45,3.0,0.08620689655172414,2.2669579153508947,0.0,0.45952380952380956,-0.7560362691088789,0.2222222222222222,0.0,0.0,21.666666666666668,209.08333333333334,0.0,0.144375,q1,normal,declining
3016,31.0,9.01,1.0,71.3,M,PK,basic,organic,web,654.0,6.484635235635252,0.0,-1.0,-1.8369701987210297e-16,0.0,10.0,3.0,0.0,7.0,24.708333333333332,2.0,24.708333333333332,0.6,1.0,17.45,17.45,17.45,0.4,0.4,0.7,3.0,0.043859649122807015,2.1983350716202463,0.0,0.8190909090909091,-0.1874254687121305,0.1111111111111111,0.0,0.0,24.708333333333332,222.6220833333333,0.0,0.144375,q2,normal,stable
1786,45.0,37.58,0.0,44.0,F,PK,premium,organic,ios,356.0,5.877735781779639,0.0,-0.4999999999999997,-0.8660254037844388,0.0,54.0,18.0,2.0,36.0,2.0416666666666665,14.0,6.583333333333329,0.923076923076923,8.0,119.57000000000001,14.946250000000001,35.95,0.3888888888888889,0.12962962962962962,0.42592592592592593,3.0,0.0,3.6264719939853194,0.0,0.6832727272727273,-0.3663318113629986,0.6,0.0,0.0,0.0,76.72583333333333,0.0,0.144375,q4,normal,stable
236,36.0,8.23,1.0,79.4,F,AE,basic,paid_search,web,1012.0,6.920671504248683,0.0,-1.0,-1.8369701987210297e-16,0.0,21.0,10.0,3.0,11.0,1.1666666666666667,10.0,23.291666666666664,1.4285714285714284,3.0,38.64,12.88,19.81,0.5238095238095238,0.047619047619047616,0.3333333333333333,3.0,0.02879078694817658,2.1077860146889784,0.0,0.3740909090909091,-0.9568760119892333,0.23333333333333334,0.0,0.0,1.1666666666666667,9.601666666666668,0.0,0.04583333333333333,q3,normal,growing
5950,49.0,7.45,0.0,23.1,F,PK,basic,partner,android,717.0,6.576469569048224,0.0,-0.4999999999999997,-0.8660254037844388,0.0,40.0,17.0,5.0,23.0,0.20833333333333334,13.0,8.708333333333329,1.3076923076923077,4.0,36.63,9.1575,15.68,0.475,0.125,0.475,3.0,0.0,2.0082140323914683,0.0,0.18170731707317073,-1.6517854602631925,0.4444444444444444,0.0,0.0,0.0,1.5520833333333335,0.0,0.0075,q5,normal,stable
2691,19.0,20.38,1.0,50.6,M,DE,standard,organic,ios,1026.0,6.934397209928558,0.0,-1.0,-1.8369701987210297e-16,0.0,39.0,21.0,6.0,18.0,0.75,15.0,11.125,2.0,6.0,64.29,10.715000000000002,15.07,0.5384615384615384,0.07692307692307693,0.48717948717948717,3.0,0.028409090909090908,3.0145540277945786,0.0,0.5095,-0.6548884684428551,0.43333333333333335,0.0,0.0,0.75,15.285,0.0,0.428125,q1,normal,growing
1730,51.0,9.75,0.0,45.5,M,US,basic,organic,ios,164.0,5.10594547390058,0.0,0.49999999999999994,0.8660254037844387,0.0,13.0,1.0,0.0,12.0,20.083333333333332,1.0,20.083333333333332,0.13333333333333333,0.0,0.0,0.0,0.0,0.07692307692307693,0.0,0.3076923076923077,2.0,0.0,2.277267285009756,0.0,0.6964285714285714,-0.3475331839806379,0.14444444444444443,0.0,0.0,0.0,195.8125,0.0,0.144375,q5,normal,declining
4317,18.0,39.58,2.0,31.7,Other,US,premium,organic,,1370.0,7.223295679562314,0.0,-1.0,-1.8369701987210297e-16,0.0,9.0,1.0,0.0,8.0,14.125,1.0,24.333333333333336,0.1818181818181818,2.0,19.81,9.905,15.62,0.3333333333333333,0.1111111111111111,0.3333333333333333,3.0,0.04285714285714286,3.6783239401744194,0.0,3.9579999999999997,1.3782621894226263,0.1,0.0,0.0,28.25,559.0675,0.0,0.428125,q1,high,declining
1348,48.0,38.8,2.0,35.0,M,UK,premium,paid_search,,987.0,6.895682697747868,0.0,-0.8660254037844386,0.5000000000000001,1.0,42.0,15.0,3.0,27.0,2.4166666666666665,11.0,12.5,1.0,4.0,93.24,23.31,28.86,0.42857142857142855,0.19047619047619047,0.40476190476190477,3.0,0.058997050147492625,3.6584202466292277,0.0,0.9023255813953488,-0.09175835547210126,0.4666666666666667,0.0,0.0,4.833333333333333,93.76666666666665,0.0,0.0004166666666666667,q5,normal,stable
1845,36.0,9.01,1.0,46.4,F,US,basic,paid_search,web,1045.0,6.952728644624869,0.0,-0.8660254037844384,-0.5000000000000004,0.0,122.0,55.0,13.0,67.0,0.08333333333333333,22.0,3.625,1.5714285714285712,9.0,129.93,14.436666666666667,24.26,0.4098360655737705,0.23770491803278687,0.4262295081967213,3.0,0.027906976744186046,2.1983350716202463,0.0,0.07325203252032521,-2.485882735761056,1.3555555555555556,0.0,0.0,0.08333333333333333,0.7508333333333332,0.0,0.00020833333333333335,q3,normal,growing
5573,49.0,19.71,1.0,59.9,M,US,standard,paid_search,web,349.0,5.857933154483459,0.0,-0.4999999999999997,-0.8660254037844388,0.0,30.0,15.0,6.0,15.0,0.25,14.0,12.458333333333336,1.6666666666666667,2.0,26.45,13.225,22.64,0.36666666666666664,0.1,0.4666666666666667,3.0,0.079155672823219,2.9811261211646287,0.0,0.6358064516129033,-0.43725543059807165,0.3333333333333333,0.0,0.0,0.25,4.9275,0.0,0.428125,q5,normal,growing
1017,36.0,8.72,1.0,15.5,F,PK,basic,organic,ios,549.0,6.309918278226516,0.0,-2.4492935982947064e-16,1.0,0.0,11.0,2.0,1.0,9.0,5.375,2.0,29.58333333333333,0.3333333333333333,1.0,81.16,81.16,81.16,0.45454545454545453,0.18181818181818182,0.18181818181818182,3.0,0.05181347150259067,2.1656192379208883,0.0,0.7266666666666667,-0.30561977313844824,0.12222222222222222,0.0,0.0,5.375,46.870000000000005,0.0,0.428125,q3,normal,declining
2246,26.0,21.18,2.0,55.8,M,other,standard,social,android,1168.0,7.063903961472068,0.0,0.8660254037844387,-0.4999999999999998,0.0,10.0,2.0,1.0,8.0,6.666666666666667,2.0,23.333333333333332,0.3636363636363636,2.0,16.74,8.37,12.28,0.7,0.1,0.5,3.0,0.05008347245409015,3.0530573401732606,0.0,1.9254545454545455,0.6603422061070175,0.1111111111111111,0.0,0.0,13.333333333333334,141.20000000000002,0.0,0.0014583333333333334,q1,high,declining
4690,47.0,8.57,1.0,69.6,F,AE,basic,referral,web,1018.0,6.926577033222725,0.0,-1.0,-1.8369701987210297e-16,0.0,34.0,17.0,2.0,17.0,1.2916666666666667,14.0,18.45833333333333,1.7,5.0,72.93,14.586000000000002,23.4,0.3235294117647059,0.08823529411764706,0.47058823529411764,3.0,0.028625954198473285,2.1482677326096886,0.0,0.24485714285714286,-1.3670521148974957,0.37777777777777777,0.0,0.0,1.2916666666666667,11.069583333333334,0.0,0.07916666666666666,q4,normal,growing
220,28.0,7.79,2.0,65.4,F,IN,basic,social,android,1265.0,7.143617602704121,0.0,0.49999999999999994,0.8660254037844387,0.0,115.0,45.0,10.0,70.0,0.4166666666666667,23.0,6.0,1.232876712328767,11.0,174.05,15.822727272727274,29.41,0.5826086956521739,0.09565217391304348,0.4260869565217391,3.0,0.04633204633204634,2.052840859882657,0.0,0.06715517241379311,-2.5619366588196004,1.2777777777777777,0.0,0.0,0.8333333333333334,3.2458333333333336,0.0,0.428125,q1,normal,stable
1980,18.0,40.09,3.0,40.1,M,US,premium,paid_search,android,1116.0,7.018401799069201,0.0,1.2246467991473532e-16,-1.0,0.0,55.0,24.0,8.0,31.0,0.2916666666666667,14.0,6.541666666666657,1.4117647058823528,3.0,32.81,10.936666666666667,17.61,0.6,0.2,0.5272727272727272,3.0,0.07853403141361257,3.6911269266544156,0.0,0.7158928571428572,-0.3203528547413295,0.6111111111111112,1.0,0.0,0.875,11.692916666666669,0.0,0.144375,q1,normal,growing
3024,53.0,47.83,1.0,60.1,M,PK,premium,organic,web,294.0,5.68697535633982,0.0,-1.0,-1.8369701987210297e-16,1.0,92.0,43.0,10.0,49.0,0.16666666666666666,24.0,5.458333333333329,1.6538461538461537,12.0,257.0,21.416666666666668,82.01,0.3804347826086957,0.05434782608695652,0.40217391304347827,3.0,0.09259259259259259,3.8676530576922055,0.0,0.5143010752688172,-0.6456891885401852,1.0222222222222221,0.0,0.0,0.16666666666666666,7.971666666666666,0.0,0.006666666666666667,q5,normal,growing
1213,33.0,7.94,2.0,69.3,Other,PK,basic,social,android,655.0,6.486160788944089,0.0,-1.0,-1.8369701987210297e-16,0.0,28.0,9.0,2.0,19.0,1.4583333333333333,7.0,15.0,0.8181818181818182,2.0,73.88,36.94,59.4,0.5714285714285714,0.25,0.5714285714285714,3.0,0.08759124087591241,2.0719132752590443,0.0,0.2737931034482759,-1.2595098152974955,0.3111111111111111,0.0,0.0,2.9166666666666665,11.579166666666667,0.0,0.010416666666666666,q2,normal,stable
2261,32.0,16.87,1.0,69.9,F,SE,standard,partner,ios,52.0,3.970291913552122,1.0,0.49999999999999994,-0.8660254037844387,0.0,27.0,16.0,5.0,11.0,0.4166666666666667,13.0,6.166666666666664,2.2857142857142856,1.0,4.83,4.83,4.83,0.37037037037037035,0.14814814814814814,0.5185185185185185,3.0,0.36585365853658536,2.825536896557877,0.0,0.6025,-0.4902063365632549,0.5192307692307693,0.0,0.0,0.4166666666666667,7.029166666666668,0.0,0.04583333333333333,q2,normal,growing
1755,26.0,38.33,1.0,42.9,M,SE,premium,paid_search,ios,884.0,6.785587645007929,0.0,0.49999999999999994,0.8660254037844387,0.0,82.0,39.0,4.0,43.0,0.08333333333333333,19.0,6.541666666666671,1.6956521739130435,10.0,162.89,16.288999999999998,44.18,0.5,0.0,0.3902439024390244,3.0,0.03282275711159738,3.6462328793924637,0.0,0.4618072289156626,-0.7511847901342883,0.9111111111111111,0.0,0.0,0.08333333333333333,3.1941666666666664,0.0,0.07916666666666666,q1,normal,growing
5715,48.0,8.29,1.0,43.7,M,US,basic,organic,web,1340.0,7.201170883281678,0.0,-0.8660254037844386,0.5000000000000001,0.0,20.0,8.0,2.0,12.0,0.5,6.0,16.66666666666667,1.0666666666666667,1.0,11.16,11.16,11.16,0.5,0.4,0.45,3.0,0.021897810218978103,2.1150499691472033,0.0,0.3947619047619047,-0.9044562742271524,0.2222222222222222,0.0,0.0,0.5,4.145,0.0,0.04583333333333333,q5,normal,stable
2284,33.0,10.11,1.0,6.0,F,IN,basic,paid_search,android,1106.0,7.009408932708637,0.0,1.2246467991473532e-16,-1.0,1.0,52.0,24.0,4.0,28.0,2.0416666666666665,17.0,8.458333333333329,1.5483870967741935,7.0,85.72999999999999,12.247142857142856,19.04,0.5576923076923077,0.1346153846153846,0.4807692307692308,3.0,0.02640845070422535,2.3135250330323798,0.0,0.19075471698113206,-1.6056714296386236,0.5777777777777777,0.0,0.0,2.0416666666666665,20.641249999999996,0.0,0.428125,q2,normal,growing
2747,24.0,9.07,3.0,51.3,F,SE,basic,partner,ios,329.0,5.799092654460526,0.0,-0.8660254037844384,-0.5000000000000004,1.0,28.0,14.0,6.0,14.0,0.4166666666666667,9.0,13.625,1.647058823529412,6.0,117.93,19.655,31.91,0.6785714285714286,0.14285714285714285,0.42857142857142855,3.0,0.25069637883008355,2.2049722641270453,0.0,0.3127586206896552,-1.1308505394969732,0.3111111111111111,0.0,0.0,1.25,3.779166666666667,0.0,0.144375,q1,normal,growing
5117,42.0,18.95,0.0,39.1,M,UK,standard,paid_search,ios,372.0,5.921578419643816,0.0,1.2246467991473532e-16,-1.0,1.0,22.0,4.0,0.0,18.0,9.5,4.0,9.5,0.380952380952381,3.0,55.519999999999996,18.506666666666664,29.43,0.36363636363636365,0.2727272727272727,0.5454545454545454,3.0,0.0,2.9418039315284354,0.0,0.8239130434782609,-0.1816261464738575,0.24444444444444444,0.0,0.0,0.0,180.025,1.0,0.428125,q4,normal,declining
5560,53.0,38.02,3.0,50.8,M,PK,premium,referral,android,206.0,5.332718793265369,0.0,-2.4492935982947064e-16,1.0,0.0,16.0,10.0,3.0,6.0,0.4583333333333333,10.0,17.291666666666664,2.222222222222222,1.0,6.78,6.78,6.78,0.3125,0.125,0.5,3.0,0.38135593220338987,3.6381123370602833,0.0,2.2364705882352944,0.8093603571812088,0.17777777777777778,1.0,0.0,1.375,17.425833333333333,0.0,0.07916666666666666,q5,high,growing
2358,47.0,9.07,1.0,51.5,M,DE,basic,organic,ios,322.0,5.777652323222656,0.0,-0.8660254037844384,-0.5000000000000004,1.0,8.0,1.0,0.0,7.0,8.75,1.0,23.333333333333336,0.19999999999999998,1.0,8.26,8.26,8.26,0.5,0.125,0.5,3.0,0.08522727272727273,2.2049722641270453,0.0,1.0077777777777779,0.01762160134981963,0.08888888888888889,0.0,0.0,8.75,79.3625,0.0,0.002916666666666667,q4,high,declining
2652,30.0,7.35,0.0,35.8,F,UK,basic,organic,web,1232.0,7.117205503164344,0.0,0.8660254037844386,0.5000000000000001,1.0,9.0,2.0,0.0,7.0,11.625,2.0,28.374999999999996,0.39999999999999997,1.0,10.63,10.63,10.63,0.2222222222222222,0.2222222222222222,0.3333333333333333,3.0,0.0,1.9947003132247452,0.0,0.735,-0.29437106060257756,0.1,0.0,0.0,0.0,85.44375,0.0,0.011458333333333333,q2,normal,declining
1827,40.0,8.1,0.0,64.9,F,US,basic,social,android,165.0,5.111987788356544,0.0,0.49999999999999994,0.8660254037844387,0.0,19.0,4.0,0.0,15.0,7.208333333333333,4.0,11.208333333333336,0.4444444444444445,3.0,77.97999999999999,25.99333333333333,60.16,0.3157894736842105,0.21052631578947367,0.3684210526315789,3.0,0.0,2.0918640616783932,0.0,0.40499999999999997,-0.8794767587514388,0.2111111111111111,0.0,0.0,0.0,58.387499999999996,0.0,0.07916666666666666,q3,normal,declining
609,33.0,8.48,1.0,76.9,F,US,basic,organic,android,1354.0,7.2115567333138015,0.0,-0.8660254037844386,0.5000000000000001,0.0,18.0,2.0,2.0,16.0,0.875,1.0,43.0,0.2105263157894737,2.0,59.260000000000005,29.630000000000003,53.77,0.3888888888888889,0.5,0.2777777777777778,3.0,0.02167630057803468,2.1377104498038118,0.0,0.4463157894736842,-0.78457018837399,0.2,0.0,0.0,0.875,7.42,0.0,0.144375,q2,normal,declining
3884,42.0,19.71,0.0,50.0,F,CA,standard,paid_search,android,647.0,6.473890696352274,0.0,-1.0,-1.8369701987210297e-16,0.0,44.0,9.0,1.0,35.0,0.08333333333333333,7.0,7.5,0.4736842105263157,3.0,82.55,27.516666666666666,42.45,0.6590909090909091,0.38636363636363635,0.4090909090909091,3.0,0.0,2.9811261211646287,0.0,0.438,-0.8029620465671519,0.4888888888888889,0.0,0.0,0.0,1.6425,1.0,0.006458333333333333,q4,normal,declining
137,18.0,19.0,1.0,81.2,M,DE,standard,social,android,851.0,6.747586526829315,0.0,1.0,6.123233995736766e-17,0.0,17.0,7.0,0.0,10.0,7.125,5.0,21.208333333333332,1.0769230769230769,2.0,38.12,19.06,30.56,0.5882352941176471,0.058823529411764705,0.35294117647058826,3.0,0.0340522133938706,2.9444389791664403,0.0,1.0555555555555556,0.06349631155912751,0.18888888888888888,0.0,0.0,7.125,135.375,0.0,0.003125,q1,high,stable
2242,35.0,9.42,0.0,46.3,M,CA,basic,referral,android,935.0,6.841615476477592,0.0,-2.4492935982947064e-16,1.0,0.0,34.0,11.0,2.0,23.0,2.6666666666666665,10.0,7.0,0.846153846153846,5.0,76.66,15.331999999999999,30.42,0.6176470588235294,0.17647058823529413,0.38235294117647056,3.0,0.0,2.2428350885882717,0.0,0.26914285714285713,-1.2760315954347223,0.37777777777777777,0.0,0.0,0.0,25.119999999999997,0.0,0.0004166666666666667,q2,normal,stable
5995,44.0,9.71,1.0,69.4,F,US,basic,organic,android,203.0,5.318119993844216,0.0,-2.4492935982947064e-16,1.0,1.0,30.0,10.0,2.0,20.0,6.041666666666667,7.0,10.416666666666664,0.8695652173913043,4.0,63.69999999999999,15.924999999999997,37.41,0.6,0.16666666666666666,0.5333333333333333,3.0,0.12875536480686695,2.2731562823032334,0.0,0.3132258064516129,-1.1294041088284275,0.3333333333333333,0.0,0.0,6.041666666666667,58.66458333333334,0.0,0.0125,q4,normal,stable
2610,26.0,19.28,3.0,34.7,F,PK,standard,partner,android,1160.0,7.057036981697891,0.0,0.8660254037844387,-0.4999999999999998,0.0,17.0,7.0,2.0,10.0,4.458333333333333,7.0,16.875000000000007,1.0769230769230769,0.0,0.0,0.0,0.0,0.5882352941176471,0.058823529411764705,0.5882352941176471,2.0,0.07563025210084034,2.9590682891823996,0.0,1.0711111111111111,0.07798931886169433,0.18888888888888888,0.0,0.0,13.375,85.95666666666666,0.0,0.428125,q1,high,stable
2729,34.0,40.3,2.0,58.6,M,AE,premium,paid_search,android,822.0,6.71295620067707,0.0,1.0,6.123233995736766e-17,0.0,14.0,1.0,0.0,13.0,14.458333333333334,1.0,20.70833333333333,0.125,0.0,0.0,0.0,0.0,0.6428571428571429,0.21428571428571427,0.35714285714285715,2.0,0.07042253521126761,3.696351468952637,0.0,2.6866666666666665,0.9920164424022905,0.15555555555555556,0.0,0.0,28.916666666666668,582.6708333333333,1.0,0.428125,q2,high,declining
3841,31.0,19.91,1.0,63.3,M,UK,standard,organic,ios,1222.0,7.109062135687172,0.0,0.8660254037844386,0.5000000000000001,0.0,94.0,50.0,6.0,44.0,0.4166666666666667,24.0,7.708333333333336,2.127659574468085,4.0,81.71,20.4275,36.41,0.40425531914893614,0.2127659574468085,0.40425531914893614,3.0,0.023961661341853034,2.991222118076105,0.0,0.20957894736842106,-1.5160434420279143,1.0444444444444445,0.0,0.0,0.4166666666666667,8.295833333333334,0.0,0.03,q2,normal,growing
2258,59.0,9.16,1.0,55.7,M,IN,basic,partner,web,920.0,6.825460036255307,0.0,-2.4492935982947064e-16,1.0,0.0,30.0,12.0,2.0,18.0,1.6666666666666667,10.0,10.708333333333329,1.142857142857143,1.0,14.28,14.28,14.28,0.5333333333333333,0.03333333333333333,0.5,3.0,0.031578947368421054,2.214846178686039,0.0,0.2954838709677419,-1.1858582972871594,0.3333333333333333,0.0,0.0,1.6666666666666667,15.266666666666667,0.0,0.428125,q5,normal,stable
1244,59.0,22.17,0.0,62.0,M,IN,standard,partner,ios,695.0,6.54534966033442,0.0,-0.8660254037844384,-0.5000000000000004,0.0,29.0,15.0,6.0,14.0,0.25,8.0,11.541666666666668,1.7647058823529411,2.0,13.330000000000002,6.665000000000001,10.21,0.41379310344827586,0.0,0.3793103448275862,3.0,0.0,3.09874002362822,0.0,0.7390000000000001,-0.2890162954649174,0.32222222222222224,0.0,0.0,0.0,5.5425,0.0,0.144375,q5,normal,growing
1265,34.0,20.53,1.0,86.9,F,PK,standard,organic,android,348.0,5.855071922202427,0.0,-0.4999999999999997,-0.8660254037844388,0.0,43.0,10.0,1.0,33.0,0.5416666666666666,8.0,6.75,0.5555555555555555,7.0,114.11,16.30142857142857,26.82,0.5581395348837209,0.20930232558139536,0.46511627906976744,3.0,0.07936507936507936,3.0218872310308424,0.0,0.4665909090909091,-0.7410967890044325,0.4777777777777778,0.0,0.0,0.5416666666666666,11.120416666666667,0.0,0.428125,q2,normal,declining
1145,35.0,9.17,0.0,68.8,M,IN,basic,social,android,476.0,6.1675164908883415,0.0,1.0,6.123233995736766e-17,1.0,21.0,4.0,0.0,17.0,14.333333333333334,3.0,14.333333333333334,0.4,5.0,69.67,13.934000000000001,22.0,0.7619047619047619,0.14285714285714285,0.5238095238095238,3.0,0.0,2.2159372862683733,0.0,0.4168181818181818,-0.8513971601381443,0.23333333333333334,0.0,0.0,0.0,131.43666666666667,0.0,0.0010416666666666667,q2,normal,declining
5994,36.0,8.46,3.0,62.3,F,US,basic,paid_search,ios,924.0,6.829793737512425,0.0,-2.4492935982947064e-16,1.0,1.0,50.0,14.0,1.0,36.0,1.5833333333333333,9.0,6.416666666666666,0.717948717948718,3.0,63.51,21.169999999999998,26.89,0.4,0.16,0.42,3.0,0.09433962264150943,2.135349173618132,0.0,0.16588235294117648,-1.7379399566536209,0.5555555555555556,0.0,0.0,4.75,13.395000000000001,0.0,0.428125,q3,normal,stable
3268,50.0,18.72,1.0,52.5,M,IN,standard,paid_search,web,972.0,6.880384082186005,0.0,-0.5000000000000004,0.8660254037844384,0.0,35.0,11.0,0.0,24.0,7.291666666666667,8.0,7.833333333333336,0.8148148148148148,4.0,67.67,16.9175,32.71,0.7142857142857143,0.17142857142857143,0.4,3.0,0.029940119760479042,2.929592471049446,0.0,0.52,-0.6348782724359695,0.3888888888888889,0.0,0.0,7.291666666666667,136.5,0.0,0.07916666666666666,q5,normal,stable
5905,36.0,44.56,2.0,44.8,F,DE,premium,organic,android,279.0,5.634789603169249,0.0,-1.0,-1.8369701987210297e-16,0.0,17.0,4.0,1.0,13.0,0.7083333333333334,4.0,20.541666666666664,0.5,2.0,24.42,12.21,13.01,0.6470588235294118,0.058823529411764705,0.4117647058823529,3.0,0.1941747572815534,3.7968365956190286,0.0,2.4755555555555557,0.9104961981658188,0.18888888888888888,0.0,0.0,1.4166666666666667,31.563333333333336,0.0,0.428125,q3,high,declining
3625,36.0,8.19,3.0,48.9,F,AE,basic,partner,ios,1168.0,7.063903961472068,0.0,0.8660254037844387,-0.4999999999999998,0.0,24.0,7.0,3.0,17.0,0.75,7.0,9.625,0.7000000000000001,6.0,121.80999999999999,20.301666666666666,42.94,0.7083333333333334,0.08333333333333333,0.3333333333333333,3.0,0.07512520868113523,2.102913897864978,0.0,0.3276,-1.085893516260335,0.26666666666666666,0.0,0.0,2.25,6.1425,0.0,0.04583333333333333,q3,normal,stable
1257,33.0,9.76,0.0,48.4,F,US,basic,organic,android,326.0,5.7899601708972535,0.0,-0.8660254037844384,-0.5000000000000004,0.0,23.0,8.0,4.0,15.0,0.375,7.0,12.250000000000004,0.888888888888889,3.0,72.16,24.05333333333333,26.78,0.5652173913043478,0.21739130434782608,0.391304347826087,3.0,0.0,2.278292400425001,0.0,0.4066666666666667,-0.8754687373538999,0.25555555555555554,0.0,0.0,0.0,3.66,0.0,0.006458333333333333,q2,normal,stable
1317,42.0,39.5,0.0,60.2,M,IN,premium,partner,web,999.0,6.907755278982137,0.0,-0.8660254037844386,0.5000000000000001,0.0,26.0,4.0,2.0,22.0,0.125,4.0,10.125000000000002,0.32,1.0,27.32,27.32,27.32,0.5,0.038461538461538464,0.5769230769230769,3.0,0.0,3.676300671907076,0.0,1.462962962962963,0.38727599321527023,0.28888888888888886,0.0,0.0,0.0,4.9375,0.0,0.428125,q4,high,declining
3118,18.0,7.71,1.0,66.7,M,UK,basic,social,web,907.0,6.811244378601294,0.0,0.49999999999999994,0.8660254037844387,0.0,19.0,4.0,1.0,15.0,0.6666666666666666,4.0,17.666666666666664,0.4444444444444445,4.0,62.11,15.5275,18.21,0.42105263157894735,0.15789473684210525,0.5789473684210527,3.0,0.032017075773746,2.0425181875752383,0.0,0.3855,-0.9276044917744285,0.2111111111111111,0.0,0.0,0.6666666666666666,5.14,0.0,0.428125,q1,normal,declining
3061,54.0,20.82,2.0,37.4,F,CA,standard,paid_search,android,362.0,5.8944028342648505,0.0,-0.4999999999999997,-0.8660254037844388,0.0,22.0,10.0,1.0,12.0,5.25,10.0,11.041666666666671,1.3333333333333333,1.0,15.69,15.69,15.69,0.45454545454545453,0.2727272727272727,0.3181818181818182,3.0,0.15306122448979592,3.035914063186823,0.0,0.9052173913043479,-0.08859365580075922,0.24444444444444444,0.0,0.0,10.5,109.305,0.0,0.011458333333333333,q5,normal,stable
2786,35.0,19.31,5.0,24.9,F,US,standard,social,ios,182.0,5.209486152841421,0.0,-2.4492935982947064e-16,1.0,1.0,4.0,0.0,0.0,4.0,39.166666666666664,0.0,39.166666666666664,0.0,1.0,4.72,4.72,4.72,0.5,0.0,0.0,2.0,0.7075471698113208,2.960623096440423,0.0,3.8619999999999997,1.3537711694143304,0.044444444444444446,0.0,0.0,195.83333333333331,756.3083333333333,0.0,0.428125,q2,high,declining
4950,35.0,44.43,1.0,57.0,F,DE,premium,organic,android,528.0,6.270988431858299,0.0,0.49999999999999994,0.8660254037844387,0.0,22.0,6.0,1.0,16.0,6.208333333333333,5.0,11.916666666666664,0.6315789473684211,0.0,0.0,0.0,0.0,0.45454545454545453,0.22727272727272727,0.36363636363636365,2.0,0.05376344086021505,3.7939149169478172,0.0,1.9317391304347826,0.6635840304828622,0.24444444444444444,0.0,0.0,6.208333333333333,275.83625,0.0,0.018333333333333333,q2,high,stable
822,52.0,20.01,0.0,44.6,M,CA,standard,paid_search,android,938.0,6.844815479208263,0.0,-2.4492935982947064e-16,1.0,1.0,27.0,10.0,0.0,17.0,7.375,5.0,15.208333333333343,1.0,2.0,42.120000000000005,21.060000000000002,32.34,0.4074074074074074,0.2222222222222222,0.3333333333333333,3.0,0.0,2.996232148595642,0.0,0.7146428571428572,-0.3220763563374804,0.3,0.0,0.0,0.0,147.57375000000002,0.0,0.07916666666666666,q5,normal,stable
2483,45.0,8.51,1.0,53.8,F,US,basic,social,android,268.0,5.594711379601839,0.0,-0.8660254037844386,0.5000000000000001,0.0,52.0,22.0,10.0,30.0,0.375,14.0,9.291666666666668,1.333333333333333,3.0,49.010000000000005,16.33666666666667,17.24,0.5,0.038461538461538464,0.46153846153846156,3.0,0.10067114093959731,2.1412419425852827,0.0,0.16056603773584904,-1.7686327391480368,0.5777777777777777,0.0,0.0,0.375,3.19125,0.0,0.428125,q4,normal,stable
262,28.0,18.51,1.0,50.8,F,PK,standard,social,android,255.0,5.545177444479562,0.0,-0.8660254037844386,0.5000000000000001,0.0,32.0,5.0,3.0,27.0,0.4166666666666667,4.0,23.333333333333336,0.3333333333333333,4.0,91.17,22.7925,45.54,0.46875,0.15625,0.40625,3.0,0.10526315789473684,2.9183111265854063,0.0,0.5609090909090909,-0.5605252923182632,0.35555555555555557,0.0,0.0,0.4166666666666667,7.712500000000001,0.0,0.0010416666666666667,q1,normal,declining
832,23.0,19.32,2.0,66.3,M,UK,standard,organic,android,352.0,5.8664680569332965,0.0,-0.4999999999999997,-0.8660254037844388,0.0,22.0,4.0,1.0,18.0,4.708333333333333,3.0,14.666666666666668,0.380952380952381,1.0,19.65,19.65,19.65,0.36363636363636365,0.09090909090909091,0.4090909090909091,3.0,0.15706806282722513,2.961140828784372,0.0,0.84,-0.16251892949777494,0.24444444444444444,0.0,0.0,9.416666666666666,90.96499999999999,0.0,0.0020833333333333333,q1,normal,declining
3745,32.0,9.78,2.0,49.4,F,CA,basic,paid_search,ios,353.0,5.869296913133774,0.0,-0.4999999999999997,-0.8660254037844388,0.0,13.0,2.0,1.0,11.0,1.6666666666666667,2.0,27.291666666666664,0.2857142857142857,3.0,33.05,11.016666666666666,13.12,0.38461538461538464,0.0,0.38461538461538464,3.0,0.15665796344647517,2.280339484046726,0.0,0.6985714285714285,-0.3445044083184773,0.14444444444444443,0.0,0.0,3.3333333333333335,16.3,1.0,0.0075,q2,normal,declining
3717,30.0,18.26,2.0,53.2,M,PK,standard,partner,android,502.0,6.220590170099739,0.0,0.8660254037844386,0.5000000000000001,0.0,19.0,5.0,1.0,14.0,6.583333333333333,4.0,14.708333333333329,0.5882352941176471,0.0,0.0,0.0,0.0,0.5263157894736842,0.0,0.3684210526315789,2.0,0.11278195488721804,2.9047128751668225,0.0,0.913,-0.08012604447928486,0.2111111111111111,0.0,0.0,13.166666666666666,120.21166666666667,0.0,0.428125,q2,normal,declining
5348,48.0,9.53,1.0,16.2,F,PK,basic,referral,android,671.0,6.51025834052315,0.0,-0.8660254037844384,-0.5000000000000004,0.0,10.0,0.0,0.0,10.0,35.166666666666664,0.0,35.166666666666664,0.0,0.0,0.0,0.0,0.0,0.5,0.1,0.5,2.0,0.042796005706134094,2.254444717666111,0.0,0.8663636363636363,-0.13197416417591631,0.1111111111111111,0.0,0.0,35.166666666666664,335.13833333333326,0.0,0.428125,q5,normal,declining
3166,58.0,16.74,1.0,34.0,F,US,standard,organic,web,574.0,6.354370040797351,0.0,-2.4492935982947064e-16,1.0,1.0,8.0,3.0,0.0,5.0,7.125,3.0,21.541666666666664,0.75,0.0,0.0,0.0,0.0,0.75,0.25,0.5,2.0,0.049668874172185434,2.817801065061329,0.0,1.8599999999999999,0.6259384308664951,0.08888888888888889,0.0,0.0,7.125,119.2725,0.0,0.428125,q5,high,stable
4015,32.0,8.41,3.0,59.6,F,UK,basic,social,ios,410.0,6.018593214496234,0.0,0.49999999999999994,-0.8660254037844387,0.0,11.0,2.0,0.0,9.0,14.166666666666666,2.0,16.875000000000004,0.3333333333333333,1.0,4.45,4.45,4.45,0.6363636363636364,0.18181818181818182,0.6363636363636364,3.0,0.20454545454545456,2.1294214739848565,0.0,0.7008333333333333,-0.3413172882844126,0.12222222222222222,0.0,0.0,42.5,119.14166666666667,0.0,0.0008333333333333334,q2,normal,declining
3803,37.0,10.03,1.0,63.3,M,PK,basic,referral,android,1131.0,7.0317412587631285,0.0,0.49999999999999994,-0.8660254037844387,0.0,19.0,6.0,2.0,13.0,1.625,6.0,14.75,0.75,2.0,28.86,14.43,24.2,0.47368421052631576,0.2631578947368421,0.47368421052631576,3.0,0.025839793281653745,2.305580601973844,0.0,0.5015,-0.6704076935904559,0.2111111111111111,0.0,0.0,1.625,16.29875,0.0,0.0175,q3,normal,stable
581,46.0,20.13,1.0,45.2,M,US,standard,social,ios,148.0,5.003946305945459,0.0,0.8660254037844386,0.5000000000000001,1.0,10.0,3.0,1.0,7.0,0.625,3.0,24.666666666666664,0.6,3.0,74.46000000000001,24.820000000000004,36.25,0.7,0.4,0.5,3.0,0.16853932584269662,3.0022112396517002,0.0,1.8299999999999998,0.6097655716208942,0.1111111111111111,0.0,0.0,0.625,12.581249999999999,0.0,0.428125,q4,high,stable
1660,37.0,9.69,0.0,45.6,F,PK,basic,organic,ios,370.0,5.916202062607435,0.0,1.2246467991473532e-16,-1.0,0.0,35.0,8.0,0.0,27.0,7.083333333333333,6.0,9.041666666666664,0.5333333333333333,4.0,65.09,16.2725,35.7,0.37142857142857144,0.14285714285714285,0.45714285714285713,3.0,0.0,2.2710944259026746,0.0,0.26916666666666667,-1.2759463039510253,0.3888888888888889,0.0,0.0,0.0,68.63749999999999,0.0,0.011458333333333333,q3,normal,declining
3211,44.0,8.78,2.0,38.4,M,AE,basic,referral,ios,1345.0,7.204892510204673,0.0,-0.8660254037844386,0.5000000000000001,1.0,37.0,11.0,1.0,26.0,3.4583333333333335,8.0,11.125,0.7586206896551724,4.0,82.14999999999999,20.537499999999998,47.26,0.5135135135135135,0.02702702702702703,0.43243243243243246,3.0,0.04363636363636363,2.172476407647025,0.0,0.23105263157894734,-1.422739981040347,0.4111111111111111,0.0,0.0,6.916666666666667,30.364166666666666,0.0,0.03,q4,normal,stable
1752,51.0,17.03,4.0,51.8,F,PK,standard,organic,ios,1244.0,7.126890808898808,0.0,0.8660254037844386,0.5000000000000001,0.0,23.0,9.0,1.0,14.0,1.4583333333333333,6.0,20.83333333333333,1.0588235294117647,0.0,0.0,0.0,0.0,0.4782608695652174,0.21739130434782608,0.6521739130434783,2.0,0.09419152276295133,2.834976494674597,0.0,0.7095833333333333,-0.32908293818935835,0.25555555555555554,0.0,0.0,5.833333333333333,24.835416666666667,0.0,0.428125,q5,normal,stable
5171,40.0,41.51,1.0,46.8,M,UK,premium,social,ios,850.0,6.7464121285733745,0.0,1.0,6.123233995736766e-17,0.0,30.0,6.0,1.0,24.0,0.5,6.0,14.0,0.4444444444444445,1.0,10.34,10.34,10.34,0.5333333333333333,0.3333333333333333,0.4666666666666667,3.0,0.034090909090909095,3.7259343620649474,0.0,1.339032258064516,0.29938748951534117,0.3333333333333333,0.0,0.0,0.5,20.755,0.0,0.0075,q3,high,declining
2861,34.0,17.11,2.0,61.3,M,IN,standard,organic,ios,287.0,5.662960480135946,0.0,-1.0,-1.8369701987210297e-16,1.0,28.0,9.0,1.0,19.0,5.333333333333333,8.0,11.541666666666666,0.8181818181818182,5.0,78.95,15.790000000000001,23.68,0.6071428571428571,0.10714285714285714,0.32142857142857145,3.0,0.18927444794952683,2.839663087904102,0.0,0.59,-0.5108256237659907,0.3111111111111111,0.0,0.0,10.666666666666666,91.25333333333333,0.0,0.428125,q2,normal,stable
1632,28.0,8.54,0.0,37.7,F,PK,basic,paid_search,android,1258.0,7.138073034044347,0.0,0.49999999999999994,0.8660254037844387,0.0,29.0,8.0,2.0,21.0,0.20833333333333334,7.0,18.083333333333332,0.6666666666666667,1.0,4.37,4.37,4.37,0.3103448275862069,0.10344827586206896,0.4827586206896552,3.0,0.0,2.1447610078004784,0.0,0.2846666666666666,-1.2219105050126033,0.32222222222222224,0.0,0.0,0.0,1.7791666666666666,0.0,0.006666666666666667,q1,normal,stable
5351,43.0,41.41,0.0,72.0,F,US,premium,partner,android,332.0,5.808142489980444,0.0,-0.8660254037844384,-0.5000000000000004,0.0,11.0,0.0,0.0,11.0,35.708333333333336,0.0,35.708333333333336,0.0,0.0,0.0,0.0,0.0,0.45454545454545453,0.18181818181818182,0.45454545454545453,2.0,0.0,3.723522397557476,0.0,3.450833333333333,1.2415094078546618,0.12222222222222222,0.0,0.0,0.0,1478.6820833333334,0.0,0.144375,q4,high,declining
104,34.0,20.08,1.0,42.1,M,AE,standard,organic,ios,30.0,3.4339872044851463,1.0,0.49999999999999994,-0.8660254037844387,0.0,2.0,2.0,2.0,0.0,1.75,2.0,1.75,1.3333333333333333,1.0,9.9,9.9,9.9,0.0,0.0,0.5,2.0,0.5,2.9997242948235283,0.0,6.6933333333333325,1.9026049151164508,0.06666666666666667,0.0,0.0,1.75,35.14,0.0,0.144375,q2,high,stable
1557,22.0,17.52,0.0,43.6,F,US,standard,partner,web,1257.0,7.1372784372603855,0.0,0.49999999999999994,0.8660254037844387,0.0,19.0,9.0,4.0,10.0,0.125,8.0,12.916666666666666,1.3846153846153846,2.0,18.23,9.115,10.85,0.5263157894736842,0.10526315789473684,0.5789473684210527,3.0,0.0,2.8633430855082453,0.0,0.876,-0.1210383283770561,0.2111111111111111,0.0,0.0,0.0,2.19,0.0,0.428125,q1,normal,stable
5461,21.0,44.6,0.0,75.3,F,IN,premium,organic,android,1260.0,7.13966033596492,0.0,0.49999999999999994,0.8660254037844387,1.0,14.0,7.0,3.0,7.0,2.2916666666666665,6.0,24.041666666666664,1.4,1.0,10.25,10.25,10.25,0.21428571428571427,0.0,0.42857142857142855,3.0,0.0,3.7977338590260183,0.0,2.9733333333333336,1.0930412436186543,0.15555555555555556,0.0,0.0,0.0,102.20833333333333,0.0,0.144375,q1,high,stable
878,58.0,41.97,0.0,42.3,M,AE,premium,paid_search,web,1048.0,6.955592608396297,0.0,-0.8660254037844384,-0.5000000000000004,0.0,18.0,7.0,2.0,11.0,4.083333333333333,6.0,12.791666666666671,1.0,6.0,61.92,10.32,14.7,0.3888888888888889,0.05555555555555555,0.4444444444444444,3.0,0.0,3.7369550773454994,0.0,2.2089473684210525,0.7970329250666663,0.2,0.0,0.0,0.0,171.37749999999997,0.0,0.428125,q5,high,stable
1819,47.0,19.65,3.0,64.6,F,PK,standard,organic,ios,206.0,5.332718793265369,0.0,-2.4492935982947064e-16,1.0,0.0,76.0,29.0,9.0,47.0,0.041666666666666664,17.0,4.9999999999999964,1.16,7.0,173.29,24.755714285714284,38.19,0.5526315789473685,0.10526315789473684,0.4342105263157895,3.0,0.38135593220338987,2.9780773383152703,0.0,0.2551948051948052,-1.3272906091171643,0.8444444444444444,0.0,0.0,0.125,0.8187499999999999,0.0,0.144375,q4,normal,stable
3215,35.0,9.13,1.0,48.4,M,IN,basic,organic,ios,795.0,6.679599185844383,0.0,0.8660254037844387,-0.4999999999999998,0.0,31.0,13.0,3.0,18.0,0.25,11.0,10.250000000000007,1.2380952380952381,7.0,124.37,17.767142857142858,54.39,0.3870967741935484,0.3870967741935484,0.3225806451612903,3.0,0.03636363636363636,2.211565694606877,0.0,0.2853125,-1.219721161294075,0.34444444444444444,0.0,0.0,0.25,2.2825,0.0,0.428125,q2,normal,stable
4346,41.0,18.43,1.0,34.7,F,UK,standard,referral,ios,713.0,6.570882962339584,0.0,-0.4999999999999997,-0.8660254037844388,0.0,40.0,19.0,3.0,21.0,0.375,15.0,8.916666666666671,1.5833333333333335,5.0,101.45,20.29,38.25,0.525,0.2,0.45,3.0,0.04037685060565276,2.9139797716817317,0.0,0.44951219512195123,-0.7775897975560908,0.4444444444444444,0.0,0.0,0.375,6.91125,0.0,0.018333333333333333,q4,normal,growing
2970,25.0,20.67,0.0,72.3,F,DE,standard,paid_search,ios,899.0,6.802394763324311,0.0,0.49999999999999994,0.8660254037844387,0.0,69.0,24.0,5.0,45.0,0.08333333333333333,19.0,5.875,1.0,9.0,168.89,18.765555555555554,41.87,0.37681159420289856,0.07246376811594203,0.5362318840579711,3.0,0.0,3.028683373693677,0.0,0.2952857142857143,-1.1865071727183025,0.7666666666666667,0.0,0.0,0.0,1.7225000000000001,0.0,0.428125,q1,normal,stable
3306,44.0,10.0,1.0,55.2,F,IN,basic,social,ios,371.0,5.918893854273146,0.0,1.2246467991473532e-16,-1.0,1.0,15.0,5.0,1.0,10.0,2.5833333333333335,4.0,12.875000000000007,0.7692307692307692,0.0,0.0,0.0,0.0,0.4666666666666667,0.06666666666666667,0.5333333333333333,2.0,0.07481296758104738,2.302585092994046,0.0,0.625,-0.4541302800894454,0.16666666666666666,0.0,0.0,2.5833333333333335,25.833333333333336,0.0,0.428125,q4,normal,stable
4376,40.0,8.43,1.0,44.4,F,US,basic,organic,android,826.0,6.717804695023691,0.0,1.0,6.123233995736766e-17,1.0,24.0,4.0,0.0,20.0,7.625,4.0,13.416666666666664,0.3478260869565218,4.0,38.78,9.695,14.15,0.4583333333333333,0.125,0.5,3.0,0.035046728971962614,2.131796772013764,0.0,0.3372,-1.0578542961959418,0.26666666666666666,0.0,0.0,7.625,64.27875,0.0,0.428125,q3,normal,declining
3547,49.0,9.18,3.0,44.9,F,PK,basic,organic,ios,584.0,6.371611847231857,0.0,-0.5000000000000004,0.8660254037844384,0.0,51.0,15.0,2.0,36.0,0.75,13.0,7.625,0.7692307692307692,2.0,27.96,13.98,20.28,0.5098039215686274,0.09803921568627451,0.5098039215686274,3.0,0.1465798045602606,2.217027204632399,0.0,0.17653846153846153,-1.6791178330720902,0.5666666666666667,0.0,0.0,2.25,6.885,0.0,0.07916666666666666,q5,normal,stable
1607,49.0,40.43,1.0,56.5,M,CA,premium,referral,web,224.0,5.41610040220442,0.0,-0.5000000000000004,0.8660254037844384,1.0,28.0,12.0,3.0,16.0,4.208333333333333,10.0,20.166666666666664,1.2631578947368423,3.0,74.72,24.906666666666666,42.36,0.6071428571428571,0.10714285714285714,0.42857142857142855,3.0,0.11811023622047244,3.6995720836526793,0.0,1.3941379310344828,0.3394235422557933,0.3111111111111111,0.0,0.0,4.208333333333333,170.14291666666665,0.0,0.03229166666666667,q5,high,stable
5933,37.0,9.62,0.0,48.2,F,IN,basic,referral,web,487.0,6.1903154058531475,0.0,1.0,6.123233995736766e-17,0.0,28.0,8.0,2.0,20.0,0.875,6.0,11.875,0.6956521739130436,2.0,19.37,9.685,16.44,0.5,0.07142857142857142,0.39285714285714285,3.0,0.0,2.263844264677615,0.0,0.33172413793103445,-1.0737514816445775,0.3111111111111111,0.0,0.0,0.0,8.417499999999999,0.0,0.011458333333333333,q3,normal,stable
5850,60.0,43.46,1.0,58.2,Other,PK,premium,organic,ios,102.0,4.634728988229636,0.0,1.0,6.123233995736766e-17,0.0,19.0,4.0,0.0,15.0,10.375,4.0,11.0,0.4444444444444445,1.0,3.83,3.83,3.83,0.3684210526315789,0.10526315789473684,0.5789473684210527,3.0,0.22727272727272727,3.7718409748282835,0.0,2.173,0.7807000775678068,0.2111111111111111,0.0,0.0,10.375,450.89750000000004,0.0,0.144375,q5,high,declining
2377,50.0,8.03,2.0,33.2,M,UK,basic,paid_search,android,1198.0,7.089243155027514,0.0,1.0,6.123233995736766e-17,1.0,49.0,20.0,4.0,29.0,0.041666666666666664,14.0,5.083333333333329,1.25,3.0,69.27000000000001,23.090000000000003,49.13,0.42857142857142855,0.0,0.4897959183673469,3.0,0.048859934853420196,2.0831845279586703,0.0,0.1606,-1.7684336439245583,0.5444444444444444,0.0,0.0,0.08333333333333333,0.3345833333333333,0.0,0.144375,q5,normal,stable
1444,33.0,42.16,4.0,40.2,M,PK,premium,social,ios,617.0,6.42648845745769,0.0,-0.8660254037844386,0.5000000000000001,1.0,49.0,14.0,3.0,35.0,2.0416666666666665,11.0,8.75,0.7368421052631579,5.0,63.209999999999994,12.642,39.76,0.5918367346938775,0.16326530612244897,0.5306122448979592,3.0,0.18547140649149924,3.741471904233107,0.0,0.8432,-0.1587612923849416,0.5444444444444444,1.0,0.0,8.166666666666666,86.07666666666665,0.0,0.428125,q2,normal,stable
5977,28.0,9.67,2.0,63.6,F,DE,basic,paid_search,android,1305.0,7.174724309836376,0.0,-2.4492935982947064e-16,1.0,0.0,22.0,8.0,2.0,14.0,6.416666666666667,6.0,9.041666666666668,0.9411764705882353,2.0,33.14,16.57,18.46,0.5,0.09090909090909091,0.4090909090909091,3.0,0.0449438202247191,2.269028309465203,0.0,0.42043478260869566,-0.8429594587886055,0.24444444444444444,0.0,0.0,12.833333333333334,62.04916666666667,0.0,0.428125,q1,normal,stable
888,47.0,20.11,3.0,26.8,F,UK,standard,paid_search,web,286.0,5.659482215759621,0.0,-1.0,-1.8369701987210297e-16,0.0,39.0,21.0,5.0,18.0,0.041666666666666664,14.0,11.416666666666664,2.0,5.0,148.88,29.776,50.9,0.5128205128205128,0.28205128205128205,0.5128205128205128,3.0,0.2848101265822785,3.001217203784561,0.0,0.50275,-0.6679668820296469,0.43333333333333335,0.0,0.0,0.125,0.8379166666666666,0.0,0.03229166666666667,q4,normal,growing
2932,28.0,8.71,1.0,31.6,F,IN,basic,referral,android,948.0,6.855408798609928,0.0,-0.5000000000000004,0.8660254037844384,0.0,19.0,5.0,1.0,14.0,0.875,5.0,20.583333333333336,0.5882352941176471,1.0,7.38,7.38,7.38,0.2631578947368421,0.3157894736842105,0.631578947368421,3.0,0.03067484662576687,2.1644717908644115,0.0,0.43550000000000005,-0.8085580320712729,0.2111111111111111,0.0,0.0,0.875,7.621250000000001,0.0,0.428125,q1,normal,declining
721,33.0,19.47,1.0,54.5,F,AE,standard,paid_search,,212.0,5.3612921657094255,0.0,-2.4492935982947064e-16,1.0,0.0,14.0,5.0,0.0,9.0,7.166666666666667,4.0,20.749999999999996,0.8333333333333333,0.0,0.0,0.0,0.0,0.5,0.14285714285714285,0.5,2.0,0.12396694214876033,2.968874819384108,0.0,1.2979999999999998,0.2684992530350068,0.15555555555555556,0.0,0.0,7.166666666666667,139.535,0.0,0.010416666666666666,q2,high,stable
1923,27.0,9.73,1.0,64.6,M,other,basic,social,ios,1159.0,7.05617528410041,0.0,0.8660254037844387,-0.4999999999999998,0.0,20.0,3.0,0.0,17.0,16.625,3.0,16.625,0.30000000000000004,0.0,0.0,0.0,0.0,0.2,0.3,0.7,2.0,0.025231286795626577,2.2752138961979136,0.0,0.4633333333333334,-0.7479554170549402,0.2222222222222222,0.0,0.0,16.625,161.76125000000002,0.0,0.010416666666666666,q1,normal,declining
1345,28.0,16.2,1.0,56.6,M,SE,standard,social,,277.0,5.627621113690637,0.0,-1.0,-1.8369701987210297e-16,0.0,31.0,14.0,2.0,17.0,0.5416666666666666,10.0,13.375,1.4000000000000001,3.0,52.94,17.646666666666665,29.37,0.3870967741935484,0.06451612903225806,0.3870967741935484,3.0,0.09771986970684039,2.785011242238338,0.0,0.50625,-0.6611641347068946,0.34444444444444444,0.0,0.0,0.5416666666666666,8.774999999999999,0.0,0.428125,q1,normal,growing
1454,25.0,18.92,1.0,66.5,F,US,standard,organic,ios,359.0,5.886104031450156,0.0,-0.4999999999999997,-0.8660254037844388,0.0,16.0,2.0,1.0,14.0,0.041666666666666664,2.0,26.583333333333332,0.23529411764705882,3.0,29.43,9.81,22.61,0.375,0.1875,0.4375,3.0,0.07712082262210797,2.9402195636237325,0.0,1.1129411764705883,0.11595129368144025,0.17777777777777778,0.0,0.0,0.041666666666666664,0.7883333333333333,0.0,0.428125,q1,high,declining
1015,26.0,19.53,1.0,66.1,M,DE,standard,organic,ios,736.0,6.602587892189336,0.0,1.2246467991473532e-16,-1.0,1.0,13.0,3.0,0.0,10.0,10.083333333333334,3.0,19.625,0.46153846153846156,0.0,0.0,0.0,0.0,0.46153846153846156,0.0,0.5384615384615384,2.0,0.03916449086161879,2.9719517448885875,0.0,1.395,0.3400373027857091,0.14444444444444443,0.0,0.0,10.083333333333334,196.9275,0.0,0.428125,q1,high,declining
3623,42.0,8.26,1.0,66.6,F,PK,basic,referral,android,476.0,6.1675164908883415,0.0,1.0,6.123233995736766e-17,1.0,30.0,13.0,5.0,17.0,1.625,11.0,16.166666666666664,1.3,2.0,26.58,13.29,17.47,0.6,0.13333333333333333,0.4666666666666667,3.0,0.05928853754940711,2.1114245875328868,0.0,0.2664516129032258,-1.2857194718754579,0.3333333333333333,0.0,0.0,1.625,13.4225,0.0,0.428125,q4,normal,stable
1031,37.0,18.33,5.0,38.5,F,UK,standard,referral,android,692.0,6.541029999189903,0.0,-0.8660254037844384,-0.5000000000000004,0.0,15.0,5.0,0.0,10.0,7.791666666666667,4.0,14.416666666666668,0.7692307692307692,1.0,20.69,20.69,20.69,0.3333333333333333,0.26666666666666666,0.4,3.0,0.20775623268698062,2.9085390618516134,0.0,1.145625,0.14464132315925216,0.16666666666666666,0.0,0.0,38.958333333333336,142.82125,0.0,0.428125,q3,high,stable
4785,33.0,8.66,0.0,49.4,F,IN,basic,referral,web,1185.0,7.078341579557671,0.0,0.8660254037844387,-0.4999999999999998,0.0,18.0,7.0,1.0,11.0,1.2916666666666667,5.0,19.375,1.0,3.0,32.61,10.87,15.57,0.5,0.0,0.6111111111111112,3.0,0.0,2.1587147225743437,0.0,0.4557894736842105,-0.7640215201466023,0.2,0.0,0.0,0.0,11.185833333333335,0.0,0.428125,q2,normal,stable
192,41.0,9.14,1.0,59.4,F,CA,basic,organic,ios,889.0,6.7912214627261855,0.0,0.49999999999999994,0.8660254037844387,1.0,32.0,11.0,3.0,21.0,0.08333333333333333,7.0,13.5,0.9166666666666666,2.0,66.6,33.3,38.66,0.6875,0.15625,0.46875,3.0,0.03264417845484222,2.2126603854660587,0.0,0.276969696969697,-1.2483786542684934,0.35555555555555557,0.0,0.0,0.08333333333333333,0.7616666666666667,0.0,0.428125,q4,normal,stable
5016,42.0,8.81,0.0,63.7,F,US,basic,social,ios,1313.0,7.1808311990445555,0.0,-0.5000000000000004,0.8660254037844384,0.0,24.0,3.0,2.0,21.0,0.2916666666666667,3.0,22.25,0.25000000000000006,0.0,0.0,0.0,0.0,0.7083333333333334,0.375,0.4583333333333333,2.0,0.0,2.175887439948088,0.0,0.35240000000000005,-1.0150067048133127,0.26666666666666666,0.0,0.0,0.0,2.5695833333333336,0.0,0.0175,q4,normal,declining
3964,21.0,8.76,1.0,20.1,M,US,basic,organic,ios,541.0,6.295266001439646,0.0,0.49999999999999994,0.8660254037844387,0.0,19.0,4.0,0.0,15.0,9.083333333333334,4.0,10.25,0.4444444444444445,1.0,9.24,9.24,9.24,0.47368421052631576,0.10526315789473684,0.42105263157894735,3.0,0.052539404553415055,2.1701959049483,0.0,0.438,-0.8029620465671519,0.2111111111111111,0.0,0.0,9.083333333333334,79.57000000000001,0.0,0.038125,q1,normal,declining
627,53.0,38.39,2.0,44.3,F,PK,premium,organic,ios,486.0,6.18826412308259,0.0,1.0,6.123233995736766e-17,0.0,29.0,6.0,1.0,23.0,3.7083333333333335,5.0,13.125,0.46153846153846156,0.0,0.0,0.0,0.0,0.5172413793103449,0.2413793103448276,0.4482758620689655,2.0,0.11627906976744186,3.6477970090127063,0.0,1.2796666666666667,0.25438378705026626,0.32222222222222224,0.0,0.0,7.416666666666667,142.36291666666668,0.0,0.018333333333333333,q5,high,declining
1761,37.0,17.55,0.0,64.9,M,PK,standard,organic,ios,550.0,6.311734809152915,0.0,-2.4492935982947064e-16,1.0,0.0,42.0,13.0,5.0,29.0,1.0833333333333333,10.0,6.375,0.8125,6.0,116.03,19.338333333333335,27.45,0.4523809523809524,0.07142857142857142,0.42857142857142855,3.0,0.0,2.865053949911875,0.0,0.40813953488372096,-0.8719400866500882,0.4666666666666667,0.0,0.0,0.0,19.0125,0.0,0.04583333333333333,q3,normal,stable
489,44.0,7.78,0.0,62.7,F,PK,basic,organic,ios,1075.0,6.98100574072173,0.0,-0.4999999999999997,-0.8660254037844388,0.0,20.0,10.0,1.0,10.0,0.6666666666666666,8.0,11.833333333333336,1.5384615384615383,2.0,49.61,24.805,28.56,0.65,0.0,0.5,3.0,0.0,2.0515563381903004,0.0,0.3704761904761905,-0.9663316779452396,0.2222222222222222,0.0,0.0,0.0,5.1866666666666665,0.0,0.144375,q4,normal,growing
2447,34.0,18.16,0.0,41.3,M,US,standard,paid_search,ios,1087.0,6.992096427415888,0.0,-0.4999999999999997,-0.8660254037844388,0.0,18.0,11.0,1.0,7.0,6.875,8.0,20.333333333333336,2.1999999999999997,2.0,56.91,28.455,32.25,0.7777777777777778,0.2222222222222222,0.5555555555555556,3.0,0.0,2.8992213731731473,0.0,0.9557894736842105,-0.034809404665861174,0.2,0.0,0.0,0.0,124.85,0.0,0.428125,q2,normal,growing
2005,22.0,10.34,2.0,60.1,F,PK,basic,paid_search,web,1121.0,7.022868086082641,0.0,1.2246467991473532e-16,-1.0,1.0,11.0,2.0,0.0,9.0,24.25,2.0,24.25,0.3333333333333333,1.0,79.66,79.66,79.66,0.5454545454545454,0.2727272727272727,0.36363636363636365,3.0,0.052128583840139006,2.336019869080283,0.0,0.8616666666666667,-0.13734819115122343,0.12222222222222222,0.0,0.0,48.5,250.745,1.0,0.0175,q1,normal,declining
2423,35.0,22.32,1.0,50.2,Other,IN,standard,paid_search,ios,163.0,5.099866427824199,0.0,0.49999999999999994,0.8660254037844387,0.0,24.0,8.0,1.0,16.0,3.5,7.0,18.5,0.8421052631578948,1.0,5.05,5.05,5.05,0.4583333333333333,0.125,0.4166666666666667,3.0,0.15544041450777202,3.1054831375131102,0.0,0.8928,-0.10225423403875637,0.26666666666666666,0.0,0.0,3.5,78.12,0.0,0.006666666666666667,q2,normal,stable
3218,44.0,20.47,1.0,41.3,Other,CA,standard,paid_search,android,613.0,6.419994928147142,0.0,-0.8660254037844386,0.5000000000000001,0.0,37.0,19.0,5.0,18.0,0.125,13.0,8.0,1.8095238095238095,7.0,98.96,14.137142857142857,25.28,0.43243243243243246,0.10810810810810811,0.24324324324324326,3.0,0.04665629860031104,3.018960399673198,0.0,0.5386842105263158,-0.6002322114815754,0.4111111111111111,0.0,0.0,0.125,2.55875,0.0,0.428125,q4,normal,growing
1168,40.0,10.77,0.0,66.9,M,US,basic,organic,android,570.0,6.3473892096560105,0.0,-2.4492935982947064e-16,1.0,0.0,13.0,4.0,1.0,9.0,3.5,4.0,20.124999999999996,0.6666666666666666,1.0,28.48,28.48,28.48,0.7692307692307693,0.0,0.23076923076923078,3.0,0.0,2.3767644911682972,0.0,0.7692857142857142,-0.24937752977027922,0.14444444444444443,0.0,0.0,0.0,37.695,0.0,0.006458333333333333,q3,normal,stable
4125,43.0,9.44,4.0,74.8,F,AE,basic,partner,android,1108.0,7.011213987350367,0.0,1.2246467991473532e-16,-1.0,0.0,14.0,4.0,1.0,10.0,0.20833333333333334,4.0,12.583333333333336,0.6153846153846153,0.0,0.0,0.0,0.0,0.5,0.21428571428571427,0.35714285714285715,2.0,0.1054481546572935,2.244955980157409,0.0,0.6293333333333333,-0.4473293122068632,0.15555555555555556,0.0,0.0,0.8333333333333334,1.9666666666666666,0.0,0.428125,q4,normal,stable
4100,18.0,10.38,4.0,42.4,F,DE,basic,referral,web,484.0,6.184148890937483,0.0,1.0,6.123233995736766e-17,1.0,99.0,35.0,7.0,64.0,2.8333333333333335,20.0,4.458333333333329,1.0447761194029852,11.0,189.53,17.23,46.89,0.24242424242424243,0.1919191919191919,0.42424242424242425,3.0,0.23346303501945526,2.3398808777377424,0.0,0.1038,-2.1733127572899065,1.1,0.0,0.0,11.333333333333334,29.410000000000004,0.0,0.428125,q1,normal,stable
5507,34.0,18.2,0.0,54.3,F,US,standard,referral,ios,169.0,5.135798437050262,0.0,0.49999999999999994,0.8660254037844387,1.0,28.0,6.0,1.0,22.0,2.75,6.0,12.041666666666668,0.4800000000000001,3.0,98.05,32.68333333333333,34.38,0.6071428571428571,0.17857142857142858,0.39285714285714285,3.0,0.0,2.9014215940827497,0.0,0.6275862068965516,-0.4500657845874407,0.3111111111111111,0.0,0.0,0.0,50.05,0.0,0.428125,q2,normal,declining
4923,18.0,19.46,0.0,62.0,F,DE,standard,social,web,785.0,6.666956792429207,0.0,0.49999999999999994,-0.8660254037844387,1.0,35.0,8.0,3.0,27.0,0.7083333333333334,7.0,9.0,0.5333333333333333,4.0,91.61,22.9025,54.21,0.5142857142857142,0.2,0.42857142857142855,3.0,0.0,2.968361076757859,0.0,0.5405555555555556,-0.596827409554268,0.3888888888888889,0.0,0.0,0.0,13.784166666666668,0.0,0.428125,q1,normal,declining
5682,54.0,21.17,1.0,58.3,F,PK,standard,paid_search,ios,1105.0,7.00850518208228,0.0,1.2246467991473532e-16,-1.0,0.0,25.0,11.0,4.0,14.0,0.5,9.0,12.083333333333329,1.2941176470588234,0.0,0.0,0.0,0.0,0.56,0.08,0.48,2.0,0.026431718061674006,3.0525850851467737,0.0,0.8142307692307693,-0.19330472853599628,0.2777777777777778,0.0,0.0,0.5,10.585,0.0,0.428125,q5,normal,stable
1531,51.0,18.95,1.0,32.9,F,PK,standard,organic,ios,143.0,4.969813299576001,0.0,0.8660254037844386,0.5000000000000001,0.0,23.0,5.0,1.0,18.0,0.6666666666666666,5.0,11.499999999999998,0.4761904761904762,1.0,4.94,4.94,4.94,0.5217391304347826,0.08695652173913043,0.4782608695652174,3.0,0.17341040462427745,2.9418039315284354,0.0,0.7895833333333333,-0.2236645203283371,0.25555555555555554,0.0,0.0,0.6666666666666666,12.633333333333333,0.0,0.428125,q5,normal,declining
68,48.0,9.68,0.0,38.4,F,CA,basic,social,android,531.0,6.2766434893416445,0.0,0.49999999999999994,0.8660254037844387,0.0,11.0,3.0,1.0,8.0,1.25,3.0,25.125,0.5454545454545454,3.0,69.80000000000001,23.26666666666667,40.82,0.2727272727272727,0.18181818181818182,0.5454545454545454,3.0,0.0,2.2700619012884857,0.0,0.8066666666666666,-0.2025242641114741,0.12222222222222222,0.0,0.0,0.0,12.1,0.0,0.428125,q5,normal,declining
1010,28.0,17.11,0.0,65.9,M,PK,standard,referral,android,737.0,6.6039438246004725,0.0,1.2246467991473532e-16,-1.0,0.0,19.0,4.0,2.0,15.0,0.625,3.0,21.666666666666668,0.4444444444444445,3.0,26.07,8.69,19.03,0.42105263157894735,0.10526315789473684,0.3684210526315789,3.0,0.0,2.839663087904102,0.0,0.8554999999999999,-0.14444790436587318,0.2111111111111111,0.0,0.0,0.0,10.69375,0.0,0.144375,q1,normal,declining
3110,42.0,17.78,0.0,41.8,M,DE,standard,partner,web,345.0,5.846438775057725,0.0,-0.4999999999999997,-0.8660254037844388,0.0,66.0,36.0,9.0,30.0,0.041666666666666664,22.0,7.125,2.1818181818181817,11.0,189.35,17.213636363636365,32.76,0.42424242424242425,0.015151515151515152,0.4090909090909091,3.0,0.0,2.8780742300857587,0.0,0.26537313432835824,-1.2896282489044297,0.7333333333333333,0.0,0.0,0.0,0.7408333333333333,0.0,0.428125,q4,normal,growing
3491,,8.84,1.0,62.6,M,AE,basic,social,ios,168.0,5.1298987149230735,0.0,0.49999999999999994,0.8660254037844387,1.0,15.0,4.0,1.0,11.0,0.041666666666666664,4.0,20.5,0.5714285714285714,2.0,23.23,11.615,16.64,0.4666666666666667,0.2,0.4,3.0,0.15151515151515152,2.179286876649552,1.0,0.5525,-0.5753641449035618,0.16666666666666666,0.0,0.0,0.041666666666666664,0.3683333333333333,0.0,0.428125,unknown,normal,declining
1264,37.0,18.98,1.0,46.6,F,AE,standard,social,android,1155.0,7.052721049232323,0.0,0.49999999999999994,-0.8660254037844387,1.0,66.0,35.0,10.0,31.0,0.5833333333333334,20.0,5.083333333333334,2.0588235294117645,5.0,62.61,12.522,17.03,0.4090909090909091,0.045454545454545456,0.3787878787878788,3.0,0.02531645569620253,2.9433857931817817,0.0,0.28328358208955223,-1.2266152810756958,0.7333333333333333,0.0,0.0,0.5833333333333334,11.071666666666667,0.0,0.428125,q3,normal,growing
5749,37.0,21.92,1.0,47.5,M,CA,standard,social,android,1292.0,7.164720378771857,0.0,-2.4492935982947064e-16,1.0,0.0,6.0,1.0,1.0,5.0,6.291666666666667,1.0,34.833333333333336,0.25,1.0,2.39,2.39,2.39,0.8333333333333334,0.16666666666666666,0.6666666666666666,3.0,0.0226928895612708,3.087399462079815,0.0,3.1314285714285717,1.1446776555113565,0.06666666666666667,0.0,0.0,6.291666666666667,137.91333333333336,0.0,0.07916666666666666,q3,high,declining
5396,19.0,21.42,0.0,42.7,M,DE,standard,referral,ios,64.0,4.174387269895637,1.0,0.8660254037844387,-0.4999999999999998,1.0,28.0,11.0,3.0,17.0,0.4166666666666667,9.0,6.791666666666664,1.1,2.0,19.82,9.91,9.97,0.7142857142857143,0.10714285714285714,0.6071428571428571,3.0,0.0,3.064325065019603,0.0,0.7386206896551725,-0.2895228460962735,0.4375,0.0,0.0,0.0,8.925,0.0,0.144375,q1,normal,stable
5476,33.0,8.6,1.0,34.4,F,UK,basic,organic,web,750.0,6.621405651764134,0.0,1.2246467991473532e-16,-1.0,1.0,67.0,22.0,7.0,45.0,0.041666666666666664,13.0,6.75,0.9166666666666665,4.0,45.8,11.45,15.73,0.6119402985074627,0.1044776119402985,0.5223880597014925,3.0,0.038461538461538464,2.151762203259462,0.0,0.1264705882352941,-1.9916461583779974,0.7444444444444445,0.0,0.0,0.041666666666666664,0.3583333333333333,0.0,0.144375,q2,normal,stable
5295,27.0,19.03,2.0,37.6,M,DE,standard,partner,ios,1292.0,7.164720378771857,0.0,-2.4492935982947064e-16,1.0,0.0,55.0,18.0,4.0,37.0,1.0,15.0,9.666666666666664,0.8999999999999999,5.0,136.68,27.336000000000002,65.42,0.5818181818181818,0.16363636363636364,0.43636363636363634,3.0,0.0453857791225416,2.946016681308058,0.0,0.3398214285714286,-1.0503324587786997,0.6111111111111112,0.0,0.0,2.0,19.03,0.0,0.428125,q1,normal,stable
923,57.0,8.11,1.0,20.7,M,PK,basic,paid_search,android,636.0,6.456769655572163,0.0,-0.8660254037844386,0.5000000000000001,0.0,4.0,0.0,0.0,4.0,57.583333333333336,0.0,57.583333333333336,0.0,1.0,8.11,8.11,8.11,0.25,0.0,0.25,3.0,0.04504504504504505,2.0930978681273213,0.0,1.6219999999999999,0.4898062565419152,0.044444444444444446,0.0,0.0,57.583333333333336,467.00083333333333,1.0,0.038125,q5,high,declining
2824,20.0,8.29,0.0,34.9,F,other,basic,referral,web,1366.0,7.220373836723949,0.0,-0.8660254037844386,0.5000000000000001,1.0,33.0,11.0,5.0,22.0,0.4583333333333333,9.0,9.041666666666668,0.88,3.0,77.44,25.813333333333333,41.19,0.36363636363636365,0.030303030303030304,0.3333333333333333,3.0,0.0,2.1150499691472033,0.0,0.2438235294117647,-1.371116019520825,0.36666666666666664,0.0,0.0,0.0,3.7995833333333326,0.0,0.428125,q1,normal,stable
2234,48.0,10.39,1.0,52.9,F,US,basic,referral,android,210.0,5.351858133476067,0.0,-2.4492935982947064e-16,1.0,1.0,11.0,5.0,1.0,6.0,4.041666666666667,4.0,12.958333333333332,1.111111111111111,1.0,31.1,31.1,31.1,0.5454545454545454,0.09090909090909091,0.5454545454545454,3.0,0.125,2.340843805111136,0.0,0.8658333333333333,-0.13257946489914052,0.12222222222222222,0.0,0.0,4.041666666666667,41.99291666666667,0.0,0.428125,q5,normal,stable
5311,31.0,35.56,1.0,43.8,F,US,premium,paid_search,ios,1277.0,7.15305163493748,0.0,-2.4492935982947064e-16,1.0,0.0,28.0,14.0,4.0,14.0,0.20833333333333334,11.0,19.875,1.647058823529412,5.0,135.66,27.131999999999998,64.06,0.5714285714285714,0.10714285714285714,0.21428571428571427,3.0,0.022953328232593724,3.571221410645704,0.0,1.2262068965517243,0.2120477370591555,0.3111111111111111,0.0,0.0,0.20833333333333334,7.408333333333334,0.0,0.003125,q2,high,growing
4529,41.0,8.07,2.0,52.7,M,PK,basic,organic,web,632.0,6.450470422144176,0.0,-0.8660254037844386,0.5000000000000001,0.0,20.0,3.0,0.0,17.0,8.666666666666666,3.0,13.750000000000002,0.30000000000000004,4.0,60.37,15.0925,26.68,0.55,0.0,0.15,3.0,0.09063444108761329,2.0881534822818573,0.0,0.3842857142857143,-0.9306794693262547,0.2222222222222222,0.0,0.0,17.333333333333332,69.94,0.0,0.428125,q4,normal,declining
1816,34.0,9.62,0.0,64.8,F,IN,basic,organic,ios,172.0,5.153291594497779,0.0,0.49999999999999994,0.8660254037844387,0.0,74.0,26.0,4.0,48.0,1.4166666666666667,19.0,5.166666666666664,1.0196078431372548,6.0,92.00999999999999,15.334999999999999,36.3,0.4864864864864865,0.14864864864864866,0.4594594594594595,3.0,0.0,2.263844264677615,0.0,0.12826666666666667,-1.9785710912948744,0.8222222222222222,0.0,0.0,0.0,13.628333333333332,0.0,0.0025,q2,normal,stable
2871,49.0,17.43,1.0,55.9,M,AE,standard,organic,android,410.0,6.018593214496234,0.0,0.49999999999999994,-0.8660254037844387,0.0,29.0,10.0,3.0,19.0,0.25,9.0,11.125,0.9090909090909091,1.0,7.59,7.59,7.59,0.6206896551724138,0.1724137931034483,0.3448275862068966,3.0,0.06818181818181819,2.8581928595319295,0.0,0.581,-0.5259392615760389,0.32222222222222224,0.0,0.0,0.25,4.3575,0.0,0.144375,q5,normal,stable
976,38.0,8.12,3.0,57.0,F,AE,basic,paid_search,android,331.0,5.805134968916488,0.0,-0.8660254037844384,-0.5000000000000004,0.0,30.0,16.0,4.0,14.0,0.041666666666666664,12.0,8.291666666666664,1.8823529411764706,3.0,50.309999999999995,16.77,37.12,0.5,0.13333333333333333,0.4666666666666667,3.0,0.24930747922437674,2.0943301541735866,0.0,0.2619354838709677,-1.3021904324713822,0.3333333333333333,0.0,0.0,0.125,0.33833333333333326,0.0,0.000625,q3,normal,growing
4817,45.0,20.42,3.0,56.0,F,IN,standard,organic,android,1224.0,7.110696122978827,0.0,0.8660254037844386,0.5000000000000001,0.0,29.0,8.0,1.0,21.0,6.541666666666667,6.0,7.958333333333332,0.6666666666666667,3.0,45.73,15.243333333333332,21.99,0.6551724137931034,0.13793103448275862,0.3103448275862069,3.0,0.07177033492822966,3.01651481273652,0.0,0.6806666666666668,-0.37009796427087294,0.32222222222222224,0.0,0.0,19.625,133.58083333333335,0.0,0.144375,q4,normal,stable
3481,23.0,18.65,0.0,62.4,F,PK,standard,paid_search,android,1122.0,7.023758954738443,0.0,1.2246467991473532e-16,-1.0,0.0,17.0,6.0,0.0,11.0,7.708333333333333,6.0,26.499999999999996,0.8571428571428572,2.0,53.620000000000005,26.810000000000002,38.45,0.5294117647058824,0.058823529411764705,0.35294117647058826,3.0,0.0,2.9258461460898246,0.0,1.036111111111111,0.04507958477289624,0.18888888888888888,0.0,0.0,0.0,143.76041666666666,0.0,0.07916666666666666,q1,high,stable
5589,41.0,10.91,1.0,69.5,M,US,basic,organic,android,1135.0,7.035268599281097,0.0,0.49999999999999994,-0.8660254037844387,1.0,58.0,26.0,6.0,32.0,0.20833333333333334,17.0,9.416666666666657,1.4857142857142858,5.0,139.16,27.832,55.34,0.46551724137931033,0.1896551724137931,0.5,3.0,0.02575107296137339,2.3896797998449792,0.0,0.18491525423728813,-1.635190408536515,0.6444444444444445,0.0,0.0,0.20833333333333334,2.2729166666666667,0.0,0.428125,q4,normal,growing
1149,57.0,8.86,0.0,90.1,M,PK,basic,paid_search,android,971.0,6.879355804460439,0.0,-0.5000000000000004,0.8660254037844384,0.0,31.0,2.0,1.0,29.0,1.5833333333333333,2.0,27.083333333333336,0.125,2.0,34.52,17.26,27.57,0.45161290322580644,0.0,0.3548387096774194,3.0,0.0,2.1815467646169897,0.0,0.276875,-1.2487086981673274,0.34444444444444444,0.0,0.0,0.0,14.028333333333332,1.0,0.002916666666666667,q5,normal,declining
1255,37.0,18.46,1.0,39.7,M,DE,standard,organic,ios,916.0,6.821107472256465,0.0,-2.4492935982947064e-16,1.0,0.0,37.0,20.0,2.0,17.0,0.4583333333333333,14.0,19.833333333333332,2.0,2.0,35.65,17.825,26.06,0.40540540540540543,0.1891891891891892,0.5405405405405406,3.0,0.03171247357293869,2.9156062290747062,0.0,0.48578947368421055,-0.7016038905781687,0.4111111111111111,0.0,0.0,0.4583333333333333,8.460833333333333,0.0,0.428125,q3,normal,growing
5052,21.0,19.28,1.0,55.4,F,CA,standard,social,android,228.0,5.43372200355424,0.0,-0.5000000000000004,0.8660254037844384,0.0,17.0,3.0,0.0,14.0,12.416666666666666,3.0,20.000000000000004,0.35294117647058826,3.0,34.86,11.62,15.48,0.47058823529411764,0.11764705882352941,0.29411764705882354,3.0,0.11627906976744186,2.9590682891823996,0.0,1.0711111111111111,0.07798931886169433,0.18888888888888888,0.0,0.0,12.416666666666666,239.39333333333335,0.0,0.0008333333333333334,q1,high,declining
59,33.0,9.28,0.0,15.4,M,DE,basic,partner,web,1045.0,6.952728644624869,0.0,-0.8660254037844384,-0.5000000000000004,0.0,53.0,22.0,6.0,31.0,1.2916666666666667,14.0,8.625000000000007,1.2941176470588232,4.0,92.51,23.1275,37.71,0.49056603773584906,0.09433962264150944,0.4716981132075472,3.0,0.0,2.2278615467981093,0.0,0.17185185185185184,-1.7045629241979,0.5888888888888889,0.0,0.0,0.0,11.986666666666666,0.0,0.0125,q2,normal,stable
585,55.0,41.74,0.0,55.4,M,PK,premium,paid_search,ios,577.0,6.359573868672378,0.0,-2.4492935982947064e-16,1.0,0.0,16.0,5.0,1.0,11.0,1.5416666666666667,4.0,21.041666666666664,0.7142857142857142,6.0,53.88,8.98,16.64,0.875,0.125,0.3125,3.0,0.0,3.7314599016490546,0.0,2.455294117647059,0.9023111178807641,0.17777777777777778,0.0,0.0,0.0,64.34916666666668,0.0,0.038125,q5,high,stable
3374,41.0,18.2,2.0,44.5,M,DE,standard,organic,web,713.0,6.570882962339584,0.0,-0.4999999999999997,-0.8660254037844388,0.0,9.0,3.0,1.0,6.0,0.7916666666666666,3.0,17.500000000000007,0.6666666666666666,1.0,11.57,11.57,11.57,0.5555555555555556,0.3333333333333333,0.6666666666666666,3.0,0.08075370121130553,2.9014215940827497,0.0,1.8199999999999998,0.6043159668533294,0.1,0.0,0.0,1.5833333333333333,14.408333333333331,0.0,0.0175,q4,high,stable
250,38.0,8.59,1.0,48.0,F,US,basic,organic,android,77.0,4.356708826689592,1.0,0.8660254037844387,-0.4999999999999998,1.0,61.0,27.0,6.0,34.0,0.041666666666666664,16.0,6.291666666666671,1.4594594594594594,10.0,163.06,16.306,39.03,0.5245901639344263,0.08196721311475409,0.4262295081967213,3.0,0.2803738317757009,2.150598735996164,0.0,0.1385483870967742,-1.906844534777876,0.7922077922077922,0.0,1.0,0.041666666666666664,0.35791666666666666,0.0,0.07916666666666666,q3,normal,growing
2916,40.0,16.6,0.0,27.1,M,CA,standard,social,android,624.0,6.437751649736401,0.0,-0.8660254037844386,0.5000000000000001,1.0,23.0,15.0,5.0,8.0,0.5416666666666666,10.0,26.666666666666664,2.727272727272727,3.0,31.69,10.563333333333334,16.21,0.5652173913043478,0.2608695652173913,0.34782608695652173,3.0,0.0,2.8094026953624978,0.0,0.6916666666666668,-0.3542968215337648,0.25555555555555554,0.0,0.0,0.0,8.991666666666667,0.0,0.428125,q3,normal,growing
5472,33.0,20.93,1.0,39.4,M,US,standard,organic,ios,654.0,6.484635235635252,0.0,-1.0,-1.8369701987210297e-16,0.0,48.0,12.0,1.0,36.0,6.125,9.0,7.166666666666668,0.6153846153846154,4.0,82.59,20.6475,40.15,0.4375,0.3333333333333333,0.4583333333333333,3.0,0.043859649122807015,3.0411835364579085,0.0,0.42714285714285716,-0.8274952330910238,0.5333333333333333,0.0,0.0,6.125,128.19625,0.0,0.07916666666666666,q2,normal,stable
2840,29.0,7.66,3.0,48.8,F,US,basic,referral,web,1361.0,7.216709486709457,0.0,-0.8660254037844386,0.5000000000000001,0.0,48.0,20.0,7.0,28.0,0.3333333333333333,12.0,5.416666666666666,1.290322580645161,0.0,0.0,0.0,0.0,0.375,0.041666666666666664,0.375,2.0,0.06470165348670022,2.0360119837525,0.0,0.1563265306122449,-1.7938023708578552,0.5333333333333333,0.0,0.0,1.0,2.5533333333333332,0.0,0.428125,q2,normal,stable
3551,26.0,36.71,4.0,83.0,F,AE,premium,organic,android,627.0,6.4425401664681985,0.0,-0.8660254037844386,0.5000000000000001,0.0,45.0,20.0,6.0,25.0,0.20833333333333334,14.0,6.125,1.4285714285714284,3.0,33.94,11.313333333333333,20.25,0.5333333333333333,0.13333333333333333,0.35555555555555557,3.0,0.18264840182648404,3.603049197508743,0.0,0.7980434782608696,-0.21313941217993412,0.5,1.0,0.0,0.8333333333333334,7.647916666666667,0.0,0.0010416666666666667,q1,normal,growing
4891,43.0,20.82,3.0,75.4,M,PK,standard,referral,ios,1176.0,7.0707241072602764,0.0,0.8660254037844387,-0.4999999999999998,1.0,18.0,13.0,2.0,5.0,0.9166666666666666,12.0,15.541666666666664,3.25,5.0,83.75999999999999,16.752,40.32,0.3888888888888889,0.16666666666666666,0.5555555555555556,3.0,0.07462686567164178,3.035914063186823,0.0,1.0957894736842106,0.1005595356904687,0.2,0.0,0.0,2.75,19.085,0.0,0.428125,q4,high,growing
3852,31.0,8.23,3.0,48.6,F,PK,basic,partner,web,83.0,4.430816798843313,1.0,0.8660254037844387,-0.4999999999999998,0.0,8.0,2.0,1.0,6.0,4.375,2.0,24.25,0.44444444444444436,1.0,6.21,6.21,6.21,0.25,0.0,0.25,3.0,0.7964601769911505,2.1077860146889784,0.0,0.9144444444444445,-0.07856232250310208,0.0963855421686747,0.0,1.0,13.125,36.00625,0.0,0.428125,q2,normal,declining
3436,46.0,7.52,0.0,50.5,F,PK,basic,social,,856.0,6.75343791859778,0.0,0.8660254037844386,0.5000000000000001,0.0,31.0,10.0,2.0,21.0,1.1666666666666667,9.0,9.041666666666671,0.8333333333333334,6.0,84.55,14.091666666666667,36.8,0.4838709677419355,0.25806451612903225,0.3548387096774194,3.0,0.0,2.017566137961748,0.0,0.235,-1.40649706843741,0.34444444444444444,0.0,0.0,0.0,8.773333333333333,0.0,0.0125,q4,normal,stable
4602,24.0,40.61,0.0,46.0,M,US,premium,organic,ios,1329.0,7.1929342212158,0.0,-0.5000000000000004,0.8660254037844384,0.0,18.0,7.0,2.0,11.0,0.125,6.0,14.208333333333329,1.0,2.0,30.450000000000003,15.225000000000001,16.53,0.3888888888888889,0.05555555555555555,0.3888888888888889,3.0,0.0,3.7040143416982065,0.0,2.1373684210526314,0.7642431022436753,0.2,0.0,0.0,0.0,5.07625,0.0,0.03229166666666667,q1,high,stable
